correo006,G014,N014,O001,2,2
correo006,G014,N014,O002,1,3
correo006,G014,N014,O003,1,4
correo006,G014,N014,O004,3,4
correo006,G014,N014,O005,1,2
correo006,G014,N014,O006,2,2
correo006,G014,N014,O007,2,2
correo006,G014,N014,O008,1,1
correo006,G014,N014,O009,1,5
correo006,G014,N014,O0010,3,3
correo006,G014,N014,O011,1,2
correo006,G014,N014,O012,1,4
correo006,G014,N014,O013,3,4
correo007,G014,N025,O001,1,2
correo007,G014,N025,O002,2,2
correo007,G014,N025,O003,2,4
correo007,G014,N025,O004,1,1
correo007,G014,N025,O005,2,3
correo007,G014,N025,O006,2,4
correo007,G014,N025,O007,1,3
correo007,G014,N025,O008,3,4
correo007,G014,N025,O009,1,1
correo007,G014,N025,O0010,2,2
correo007,G014,N025,O011,2,2
correo007,G014,N025,O012,1,1
correo007,G014,N025,O013,2,3
correo008,G014,N26,O001,2,3
correo008,G014,N26,O002,2,3
correo008,G014,N26,O003,2,4
correo008,G014,N26,O004,1,1
correo008,G014,N26,O005,2,4
correo008,G014,N26,O006,1,1
correo008,G014,N26,O007,1,1
correo008,G014,N26,O008,1,4
correo008,G014,N26,O009,1,3
correo008,G014,N26,O0010,1,2
correo008,G014,N26,O011,2,2
correo008,G014,N26,O012,2,2
correo008,G014,N26,O013,4,5
correo011,G014,N014,O001,1,3
correo011,G014,N014,O002,1,4
correo011,G014,N014,O003,3,4
correo011,G014,N014,O004,1,2
correo011,G014,N014,O005,1,2
correo011,G014,N014,O006,2,3
correo011,G014,N014,O007,3,4
correo011,G014,N014,O008,1,4
correo011,G014,N014,O009,1,1
correo011,G014,N014,O0010,1,3
correo011,G014,N014,O011,4,5
correo011,G014,N014,O012,2,4
correo011,G014,N014,O013,4,5
correo012,G014,N025,O001,1,2
correo012,G014,N025,O002,1,2
correo012,G014,N025,O003,2,3
correo012,G014,N025,O004,2,3
correo012,G014,N025,O005,1,1
correo012,G014,N025,O006,3,3
correo012,G014,N025,O007,1,2
correo012,G014,N025,O008,1,1
correo012,G014,N025,O009,1,3
correo012,G014,N025,O0010,1,3
correo012,G014,N025,O011,1,2
correo012,G014,N025,O012,3,3
correo012,G014,N025,O013,1,1
correo014,G014,N26,O001,1,3
correo014,G014,N26,O002,1,1
correo014,G014,N26,O003,2,2
correo014,G014,N26,O004,1,1
correo014,G014,N26,O005,1,1
correo014,G014,N26,O006,1,4
correo014,G014,N26,O007,4,4
correo014,G014,N26,O008,2,4
correo014,G014,N26,O009,3,3
correo014,G014,N26,O0010,1,3
correo014,G014,N26,O011,3,4
correo014,G014,N26,O012,1,2
correo014,G014,N26,O013,2,3
correo015,G014,N014,O001,1,2
correo015,G014,N014,O002,3,5
correo015,G014,N014,O003,1,3
correo015,G014,N014,O004,1,1
correo015,G014,N014,O005,1,1
correo015,G014,N014,O006,2,3
correo015,G014,N014,O007,1,1
correo015,G014,N014,O008,4,4
correo015,G014,N014,O009,2,3
correo015,G014,N014,O0010,3,5
correo015,G014,N014,O011,2,5
correo015,G014,N014,O012,1,2
correo015,G014,N014,O013,1,3
correo020,G014,N025,O001,2,4
correo020,G014,N025,O002,1,1
correo020,G014,N025,O003,1,5
correo020,G014,N025,O004,2,4
correo020,G014,N025,O005,2,2
correo020,G014,N025,O006,3,3
correo020,G014,N025,O007,4,4
correo020,G014,N025,O008,2,4
correo020,G014,N025,O009,1,2
correo020,G014,N025,O0010,4,5
correo020,G014,N025,O011,3,5
correo020,G014,N025,O012,1,2
correo020,G014,N025,O013,1,2
correo022,G014,N26,O001,2,3
correo022,G014,N26,O002,2,2
correo022,G014,N26,O003,2,2
correo022,G014,N26,O004,1,3
correo022,G014,N26,O005,1,2
correo022,G014,N26,O006,4,4
correo022,G014,N26,O007,1,3
correo022,G014,N26,O008,1,2
correo022,G014,N26,O009,3,4
correo022,G014,N26,O0010,1,5
correo022,G014,N26,O011,1,1
correo022,G014,N26,O012,1,5
correo022,G014,N26,O013,1,3
correo024,G014,N014,O001,1,5
correo024,G014,N014,O002,3,3
correo024,G014,N014,O003,2,2
correo024,G014,N014,O004,1,1
correo024,G014,N014,O005,3,4
correo024,G014,N014,O006,3,3
correo024,G014,N014,O007,1,3
correo024,G014,N014,O008,1,1
correo024,G014,N014,O009,4,5
correo024,G014,N014,O0010,1,1
correo024,G014,N014,O011,4,4
correo024,G014,N014,O012,2,4
correo024,G014,N014,O013,1,2
correo027,G014,N025,O001,2,4
correo027,G014,N025,O002,3,3
correo027,G014,N025,O003,1,4
correo027,G014,N025,O004,1,2
correo027,G014,N025,O005,1,3
correo027,G014,N025,O006,1,2
correo027,G014,N025,O007,1,1
correo027,G014,N025,O008,1,3
correo027,G014,N025,O009,1,3
correo027,G014,N025,O0010,3,3
correo027,G014,N025,O011,1,1
correo027,G014,N025,O012,2,3
correo027,G014,N025,O013,1,2
correo029,G014,N26,O001,4,4
correo029,G014,N26,O002,1,4
correo029,G014,N26,O003,2,2
correo029,G014,N26,O004,1,4
correo029,G014,N26,O005,2,3
correo029,G014,N26,O006,1,2
correo029,G014,N26,O007,4,5
correo029,G014,N26,O008,1,3
correo029,G014,N26,O009,1,4
correo029,G014,N26,O0010,3,4
correo029,G014,N26,O011,1,2
correo029,G014,N26,O012,1,3
correo029,G014,N26,O013,1,1
correo031,G014,N014,O001,4,5
correo031,G014,N014,O002,2,4
correo031,G014,N014,O003,1,3
correo031,G014,N014,O004,3,3
correo031,G014,N014,O005,1,4
correo031,G014,N014,O006,3,4
correo031,G014,N014,O007,3,4
correo031,G014,N014,O008,4,4
correo031,G014,N014,O009,1,5
correo031,G014,N014,O0010,1,3
correo031,G014,N014,O011,2,4
correo031,G014,N014,O012,1,3
correo031,G014,N014,O013,2,2
correo033,G014,N025,O001,2,3
correo033,G014,N025,O002,3,3
correo033,G014,N025,O003,1,3
correo033,G014,N025,O004,3,4
correo033,G014,N025,O005,1,1
correo033,G014,N025,O006,1,5
correo033,G014,N025,O007,1,5
correo033,G014,N025,O008,1,3
correo033,G014,N025,O009,4,4
correo033,G014,N025,O0010,3,5
correo033,G014,N025,O011,2,3
correo033,G014,N025,O012,3,5
correo033,G014,N025,O013,1,1
correo035,G014,N26,O001,1,4
correo035,G014,N26,O002,2,5
correo035,G014,N26,O003,1,5
correo035,G014,N26,O004,1,1
correo035,G014,N26,O005,4,4
correo035,G014,N26,O006,3,5
correo035,G014,N26,O007,3,3
correo035,G014,N26,O008,1,5
correo035,G014,N26,O009,2,2
correo035,G014,N26,O0010,1,4
correo035,G014,N26,O011,2,3
correo035,G014,N26,O012,2,3
correo035,G014,N26,O013,2,3
correo038,G014,N014,O001,3,3
correo038,G014,N014,O002,2,2
correo038,G014,N014,O003,1,1
correo038,G014,N014,O004,1,2
correo038,G014,N014,O005,4,4
correo038,G014,N014,O006,1,2
correo038,G014,N014,O007,2,2
correo038,G014,N014,O008,2,4
correo038,G014,N014,O009,4,5
correo038,G014,N014,O0010,2,5
correo038,G014,N014,O011,1,3
correo038,G014,N014,O012,1,3
correo038,G014,N014,O013,1,3
correo042,G014,N025,O001,1,1
correo042,G014,N025,O002,1,1
correo042,G014,N025,O003,3,4
correo042,G014,N025,O004,2,2
correo042,G014,N025,O005,2,4
correo042,G014,N025,O006,1,4
correo042,G014,N025,O007,1,4
correo042,G014,N025,O008,1,1
correo042,G014,N025,O009,2,5
correo042,G014,N025,O0010,2,4
correo042,G014,N025,O011,1,1
correo042,G014,N025,O012,1,5
correo042,G014,N025,O013,2,4
correo045,G014,N26,O001,1,2
correo045,G014,N26,O002,3,3
correo045,G014,N26,O003,4,5
correo045,G014,N26,O004,1,3
correo045,G014,N26,O005,1,5
correo045,G014,N26,O006,1,5
correo045,G014,N26,O007,1,2
correo045,G014,N26,O008,3,4
correo045,G014,N26,O009,4,5
correo045,G014,N26,O0010,2,3
correo045,G014,N26,O011,1,1
correo045,G014,N26,O012,3,3
correo045,G014,N26,O013,2,4
correo048,G014,N014,O001,2,2
correo048,G014,N014,O002,3,3
correo048,G014,N014,O003,4,4
correo048,G014,N014,O004,1,1
correo048,G014,N014,O005,3,4
correo048,G014,N014,O006,2,4
correo048,G014,N014,O007,3,3
correo048,G014,N014,O008,2,5
correo048,G014,N014,O009,2,5
correo048,G014,N014,O0010,4,5
correo048,G014,N014,O011,1,2
correo048,G014,N014,O012,2,4
correo048,G014,N014,O013,1,4
correo049,G014,N025,O001,2,5
correo049,G014,N025,O002,2,4
correo049,G014,N025,O003,3,5
correo049,G014,N025,O004,2,5
correo049,G014,N025,O005,1,3
correo049,G014,N025,O006,2,3
correo049,G014,N025,O007,1,1
correo049,G014,N025,O008,3,3
correo049,G014,N025,O009,4,4
correo049,G014,N025,O0010,1,1
correo049,G014,N025,O011,2,2
correo049,G014,N025,O012,4,4
correo049,G014,N025,O013,3,4
correo051,G014,N26,O001,2,4
correo051,G014,N26,O002,1,4
correo051,G014,N26,O003,1,2
correo051,G014,N26,O004,1,4
correo051,G014,N26,O005,1,1
correo051,G014,N26,O006,2,3
correo051,G014,N26,O007,1,5
correo051,G014,N26,O008,2,2
correo051,G014,N26,O009,1,3
correo051,G014,N26,O0010,1,1
correo051,G014,N26,O011,3,5
correo051,G014,N26,O012,4,5
correo051,G014,N26,O013,3,4
correo093,G014,N014,O001,1,2
correo093,G014,N014,O002,1,3
correo093,G014,N014,O003,2,2
correo093,G014,N014,O004,1,1
correo093,G014,N014,O005,1,4
correo093,G014,N014,O006,1,4
correo093,G014,N014,O007,1,3
correo093,G014,N014,O008,2,3
correo093,G014,N014,O009,3,3
correo093,G014,N014,O0010,1,2
correo093,G014,N014,O011,3,4
correo093,G014,N014,O012,3,3
correo093,G014,N014,O013,4,4
correo054,G014,N025,O001,3,3
correo054,G014,N025,O002,1,4
correo054,G014,N025,O003,3,4
correo054,G014,N025,O004,3,4
correo054,G014,N025,O005,2,2
correo054,G014,N025,O006,2,4
correo054,G014,N025,O007,1,2
correo054,G014,N025,O008,1,5
correo054,G014,N025,O009,1,3
correo054,G014,N025,O0010,1,1
correo054,G014,N025,O011,2,3
correo054,G014,N025,O012,3,4
correo054,G014,N025,O013,1,3
correo059,G014,N26,O001,2,3
correo059,G014,N26,O002,1,3
correo059,G014,N26,O003,1,3
correo059,G014,N26,O004,1,2
correo059,G014,N26,O005,1,3
correo059,G014,N26,O006,1,4
correo059,G014,N26,O007,2,5
correo059,G014,N26,O008,2,3
correo059,G014,N26,O009,1,2
correo059,G014,N26,O0010,1,1
correo059,G014,N26,O011,2,2
correo059,G014,N26,O012,3,4
correo059,G014,N26,O013,2,3
correo061,G014,N014,O001,2,2
correo061,G014,N014,O002,2,3
correo061,G014,N014,O003,2,3
correo061,G014,N014,O004,3,3
correo061,G014,N014,O005,2,3
correo061,G014,N014,O006,3,5
correo061,G014,N014,O007,3,4
correo061,G014,N014,O008,1,2
correo061,G014,N014,O009,2,2
correo061,G014,N014,O0010,4,5
correo061,G014,N014,O011,1,2
correo061,G014,N014,O012,3,4
correo061,G014,N014,O013,1,4
correo062,G014,N025,O001,1,3
correo062,G014,N025,O002,2,4
correo062,G014,N025,O003,3,3
correo062,G014,N025,O004,1,3
correo062,G014,N025,O005,1,3
correo062,G014,N025,O006,4,4
correo062,G014,N025,O007,2,2
correo062,G014,N025,O008,1,2
correo062,G014,N025,O009,4,4
correo062,G014,N025,O0010,1,5
correo062,G014,N025,O011,2,3
correo062,G014,N025,O012,1,3
correo062,G014,N025,O013,3,5
correo065,G014,N26,O001,2,4
correo065,G014,N26,O002,1,5
correo065,G014,N26,O003,1,4
correo065,G014,N26,O004,1,3
correo065,G014,N26,O005,1,5
correo065,G014,N26,O006,1,4
correo065,G014,N26,O007,3,4
correo065,G014,N26,O008,2,3
correo065,G014,N26,O009,1,3
correo065,G014,N26,O0010,2,3
correo065,G014,N26,O011,1,3
correo065,G014,N26,O012,1,4
correo065,G014,N26,O013,2,4
correo066,G014,N014,O001,1,3
correo066,G014,N014,O002,1,1
correo066,G014,N014,O003,3,4
correo066,G014,N014,O004,3,3
correo066,G014,N014,O005,2,2
correo066,G014,N014,O006,2,5
correo066,G014,N014,O007,1,3
correo066,G014,N014,O008,1,2
correo066,G014,N014,O009,4,5
correo066,G014,N014,O0010,3,3
correo066,G014,N014,O011,1,2
correo066,G014,N014,O012,2,4
correo066,G014,N014,O013,3,3
correo070,G014,N025,O001,2,5
correo070,G014,N025,O002,1,3
correo070,G014,N025,O003,1,1
correo070,G014,N025,O004,2,3
correo070,G014,N025,O005,2,2
correo070,G014,N025,O006,4,4
correo070,G014,N025,O007,1,1
correo070,G014,N025,O008,4,4
correo070,G014,N025,O009,3,5
correo070,G014,N025,O0010,4,5
correo070,G014,N025,O011,1,1
correo070,G014,N025,O012,3,4
correo070,G014,N025,O013,1,2
correo071,G014,N26,O001,4,4
correo071,G014,N26,O002,2,3
correo071,G014,N26,O003,1,1
correo071,G014,N26,O004,2,2
correo071,G014,N26,O005,1,4
correo071,G014,N26,O006,3,4
correo071,G014,N26,O007,2,5
correo071,G014,N26,O008,1,2
correo071,G014,N26,O009,2,4
correo071,G014,N26,O0010,4,4
correo071,G014,N26,O011,3,3
correo071,G014,N26,O012,3,5
correo071,G014,N26,O013,3,4
correo079,G014,N014,O001,4,4
correo079,G014,N014,O002,2,4
correo079,G014,N014,O003,2,4
correo079,G014,N014,O004,3,3
correo079,G014,N014,O005,1,4
correo079,G014,N014,O006,1,4
correo079,G014,N014,O007,3,3
correo079,G014,N014,O008,1,2
correo079,G014,N014,O009,2,4
correo079,G014,N014,O0010,1,2
correo079,G014,N014,O011,1,2
correo079,G014,N014,O012,1,2
correo079,G014,N014,O013,2,2
correo081,G014,N025,O001,1,4
correo081,G014,N025,O002,1,3
correo081,G014,N025,O003,1,1
correo081,G014,N025,O004,2,2
correo081,G014,N025,O005,4,4
correo081,G014,N025,O006,2,3
correo081,G014,N025,O007,2,3
correo081,G014,N025,O008,3,4
correo081,G014,N025,O009,3,3
correo081,G014,N025,O0010,4,4
correo081,G014,N025,O011,1,2
correo081,G014,N025,O012,4,4
correo081,G014,N025,O013,1,3
correo082,G014,N26,O001,2,3
correo082,G014,N26,O002,2,2
correo082,G014,N26,O003,2,3
correo082,G014,N26,O004,1,3
correo082,G014,N26,O005,1,1
correo082,G014,N26,O006,2,3
correo082,G014,N26,O007,2,2
correo082,G014,N26,O008,1,4
correo082,G014,N26,O009,1,1
correo082,G014,N26,O0010,1,3
correo082,G014,N26,O011,2,2
correo082,G014,N26,O012,1,2
correo082,G014,N26,O013,1,4
correo086,G014,N014,O001,2,3
correo086,G014,N014,O002,1,1
correo086,G014,N014,O003,3,4
correo086,G014,N014,O004,2,2
correo086,G014,N014,O005,4,4
correo086,G014,N014,O006,1,1
correo086,G014,N014,O007,2,3
correo086,G014,N014,O008,3,5
correo086,G014,N014,O009,1,4
correo086,G014,N014,O0010,2,3
correo086,G014,N014,O011,1,3
correo086,G014,N014,O012,4,4
correo086,G014,N014,O013,2,2
correo088,G014,N025,O001,3,3
correo088,G014,N025,O002,1,4
correo088,G014,N025,O003,3,3
correo088,G014,N025,O004,2,3
correo088,G014,N025,O005,1,4
correo088,G014,N025,O006,3,5
correo088,G014,N025,O007,4,5
correo088,G014,N025,O008,1,3
correo088,G014,N025,O009,4,5
correo088,G014,N025,O0010,2,3
correo088,G014,N025,O011,2,2
correo088,G014,N025,O012,1,2
correo088,G014,N025,O013,2,3
correo091,G014,N26,O001,1,2
correo091,G014,N26,O002,2,3
correo091,G014,N26,O003,4,5
correo091,G014,N26,O004,4,4
correo091,G014,N26,O005,4,5
correo091,G014,N26,O006,1,1
correo091,G014,N26,O007,2,2
correo091,G014,N26,O008,1,3
correo091,G014,N26,O009,3,3
correo091,G014,N26,O0010,1,2
correo091,G014,N26,O011,2,5
correo091,G014,N26,O012,1,3
correo091,G014,N26,O013,3,3
correo092,G014,N014,O001,2,4
correo092,G014,N014,O002,3,4
correo092,G014,N014,O003,3,3
correo092,G014,N014,O004,1,1
correo092,G014,N014,O005,1,2
correo092,G014,N014,O006,1,1
correo092,G014,N014,O007,3,5
correo092,G014,N014,O008,3,4
correo092,G014,N014,O009,2,2
correo092,G014,N014,O0010,1,2
correo092,G014,N014,O011,1,3
correo092,G014,N014,O012,2,2
correo092,G014,N014,O013,1,2
correo086,G008,N008,O014,3,3
correo086,G008,N008,O015,1,4
correo086,G008,N008,O016,2,3
correo086,G008,N008,O017,2,3
correo086,G008,N008,O018,1,3
correo046,G008,N023,O014,2,2
correo046,G008,N023,O015,2,5
correo046,G008,N023,O016,2,2
correo046,G008,N023,O017,3,3
correo046,G008,N023,O018,2,2
correo054,G008,N008,O014,2,4
correo054,G008,N008,O015,4,5
correo054,G008,N008,O016,1,4
correo054,G008,N008,O017,4,4
correo054,G008,N008,O018,3,4
correo050,G008,N023,O014,2,2
correo050,G008,N023,O015,1,3
correo050,G008,N023,O016,2,4
correo050,G008,N023,O017,3,3
correo050,G008,N023,O018,3,4
correo031,G008,N008,O014,3,4
correo031,G008,N008,O015,2,2
correo031,G008,N008,O016,2,5
correo031,G008,N008,O017,1,2
correo031,G008,N008,O018,2,5
correo071,G008,N023,O014,1,4
correo071,G008,N023,O015,1,3
correo071,G008,N023,O016,1,5
correo071,G008,N023,O017,1,4
correo071,G008,N023,O018,2,4
correo034,G008,N008,O014,2,5
correo034,G008,N008,O015,1,1
correo034,G008,N008,O016,2,3
correo034,G008,N008,O017,1,3
correo034,G008,N008,O018,1,1
correo095,G008,N023,O014,1,1
correo095,G008,N023,O015,4,5
correo095,G008,N023,O016,2,5
correo095,G008,N023,O017,2,3
correo095,G008,N023,O018,2,4
correo051,G008,N008,O014,1,1
correo051,G008,N008,O015,1,3
correo051,G008,N008,O016,2,5
correo051,G008,N008,O017,2,2
correo051,G008,N008,O018,1,4
correo048,G008,N023,O014,2,4
correo048,G008,N023,O015,3,4
correo048,G008,N023,O016,3,5
correo048,G008,N023,O017,1,3
correo048,G008,N023,O018,1,2
correo023,G008,N008,O014,4,4
correo023,G008,N008,O015,2,2
correo023,G008,N008,O016,2,2
correo023,G008,N008,O017,1,4
correo023,G008,N008,O018,2,2
correo026,G008,N023,O014,4,5
correo026,G008,N023,O015,2,3
correo026,G008,N023,O016,1,3
correo026,G008,N023,O017,1,2
correo026,G008,N023,O018,1,4
correo022,G008,N008,O014,1,3
correo022,G008,N008,O015,1,2
correo022,G008,N008,O016,1,4
correo022,G008,N008,O017,2,2
correo022,G008,N008,O018,3,4
correo045,G008,N023,O014,3,4
correo045,G008,N023,O015,3,3
correo045,G008,N023,O016,2,2
correo045,G008,N023,O017,1,3
correo045,G008,N023,O018,4,5
correo007,G008,N008,O014,1,1
correo007,G008,N008,O015,1,4
correo007,G008,N008,O016,2,4
correo007,G008,N008,O017,2,2
correo007,G008,N008,O018,2,2
correo063,G008,N023,O014,1,3
correo063,G008,N023,O015,2,2
correo063,G008,N023,O016,1,1
correo063,G008,N023,O017,1,2
correo063,G008,N023,O018,2,3
correo014,G008,N008,O014,4,5
correo014,G008,N008,O015,1,1
correo014,G008,N008,O016,1,1
correo014,G008,N008,O017,1,5
correo014,G008,N008,O018,3,4
correo029,G008,N023,O014,2,3
correo029,G008,N023,O015,1,3
correo029,G008,N023,O016,2,5
correo029,G008,N023,O017,3,4
correo029,G008,N023,O018,1,4
correo006,G008,N017,O019,1,3
correo006,G008,N017,O020,1,4
correo006,G008,N017,O021,2,2
correo006,G008,N017,O022,2,4
correo006,G008,N017,O023,1,3
correo029,G008,N017,O019,1,4
correo029,G008,N017,O020,1,1
correo029,G008,N017,O021,1,2
correo029,G008,N017,O022,1,1
correo029,G008,N017,O023,2,3
correo030,G008,N017,O019,1,3
correo030,G008,N017,O020,2,2
correo030,G008,N017,O021,3,3
correo030,G008,N017,O022,2,2
correo030,G008,N017,O023,2,2
correo091,G008,N017,O019,1,1
correo091,G008,N017,O020,1,2
correo091,G008,N017,O021,1,2
correo091,G008,N017,O022,1,1
correo091,G008,N017,O023,2,3
correo014,G008,N017,O019,1,1
correo014,G008,N017,O020,2,2
correo014,G008,N017,O021,1,3
correo014,G008,N017,O022,1,3
correo014,G008,N017,O023,1,3
correo011,G008,N017,O019,1,4
correo011,G008,N017,O020,2,3
correo011,G008,N017,O021,2,3
correo011,G008,N017,O022,2,2
correo011,G008,N017,O023,3,3
correo027,G008,N017,O019,3,4
correo027,G008,N017,O020,1,1
correo027,G008,N017,O021,1,3
correo027,G008,N017,O022,3,3
correo027,G008,N017,O023,1,3
correo010,G018,N018,O024,1,1
correo010,G018,N018,O025,1,2
correo010,G018,N018,O026,1,1
correo010,G018,N018,O027,3,3
correo010,G018,N018,O028,1,2
correo018,G018,N018,O024,2,3
correo018,G018,N018,O025,2,2
correo018,G018,N018,O026,1,3
correo018,G018,N018,O027,2,2
correo018,G018,N018,O028,1,2
correo024,G018,N018,O024,1,2
correo024,G018,N018,O025,2,3
correo024,G018,N018,O026,3,3
correo024,G018,N018,O027,1,2
correo024,G018,N018,O028,3,4
correo033,G018,N018,O024,1,4
correo033,G018,N018,O025,2,2
correo033,G018,N018,O026,1,1
correo033,G018,N018,O027,3,3
correo033,G018,N018,O028,2,2
correo045,G018,N018,O024,1,2
correo045,G018,N018,O025,1,2
correo045,G018,N018,O026,2,2
correo045,G018,N018,O027,3,4
correo045,G018,N018,O028,1,2
correo046,G018,N018,O024,2,3
correo046,G018,N018,O025,1,1
correo046,G018,N018,O026,1,2
correo046,G018,N018,O027,3,3
correo046,G018,N018,O028,1,1
correo051,G018,N018,O024,2,4
correo051,G018,N018,O025,1,2
correo051,G018,N018,O026,3,3
correo051,G018,N018,O027,3,4
correo051,G018,N018,O028,2,3
correo056,G018,N018,O024,3,3
correo056,G018,N018,O025,1,2
correo056,G018,N018,O026,2,2
correo056,G018,N018,O027,3,3
correo056,G018,N018,O028,2,3
correo061,G018,N018,O024,1,3
correo061,G018,N018,O025,2,2
correo061,G018,N018,O026,3,4
correo061,G018,N018,O027,1,2
correo061,G018,N018,O028,1,3
correo065,G018,N018,O024,1,2
correo065,G018,N018,O025,1,1
correo065,G018,N018,O026,1,4
correo065,G018,N018,O027,3,4
correo065,G018,N018,O028,1,1
correo075,G018,N018,O024,1,1
correo075,G018,N018,O025,1,1
correo075,G018,N018,O026,2,3
correo075,G018,N018,O027,3,3
correo075,G018,N018,O028,1,2
correo078,G018,N018,O024,2,2
correo078,G018,N018,O025,1,4
correo078,G018,N018,O026,1,1
correo078,G018,N018,O027,2,2
correo078,G018,N018,O028,2,4
correo083,G018,N018,O024,1,1
correo083,G018,N018,O025,3,3
correo083,G018,N018,O026,3,3
correo083,G018,N018,O027,3,4
correo083,G018,N018,O028,3,4
correo085,G018,N018,O024,1,3
correo085,G018,N018,O025,3,3
correo085,G018,N018,O026,2,2
correo085,G018,N018,O027,1,2
correo085,G018,N018,O028,3,3
correo096,G018,N018,O024,1,2
correo096,G018,N018,O025,2,2
correo096,G018,N018,O026,1,1
correo096,G018,N018,O027,1,3
correo096,G018,N018,O028,1,2
correo101,G018,N018,O024,3,3
correo101,G018,N018,O025,1,3
correo101,G018,N018,O026,2,2
correo101,G018,N018,O027,3,3
correo101,G018,N018,O028,3,3
correo102,G018,N018,O024,1,1
correo102,G018,N018,O025,2,2
correo102,G018,N018,O026,1,3
correo102,G018,N018,O027,2,3
correo102,G018,N018,O028,1,1
correo012,G005,N005,O029,2,4
correo012,G005,N005,O030,3,3
correo012,G005,N005,O031,2,4
correo012,G005,N005,O032,1,2
correo012,G005,N005,O033,1,3
correo092,G005,N005,O029,1,2
correo092,G005,N005,O030,2,2
correo092,G005,N005,O031,1,3
correo092,G005,N005,O032,1,2
correo092,G005,N005,O033,2,3
correo022,G005,N005,O029,1,1
correo022,G005,N005,O030,3,3
correo022,G005,N005,O031,2,3
correo022,G005,N005,O032,2,2
correo022,G005,N005,O033,2,3
correo066,G005,N005,O029,2,2
correo066,G005,N005,O030,2,3
correo066,G005,N005,O031,1,2
correo066,G005,N005,O032,1,1
correo066,G005,N005,O033,1,2
correo045,G005,N005,O029,3,4
correo045,G005,N005,O030,1,4
correo045,G005,N005,O031,1,3
correo045,G005,N005,O032,2,3
correo045,G005,N005,O033,2,2
correo088,G005,N005,O029,1,2
correo088,G005,N005,O030,3,3
correo088,G005,N005,O031,1,2
correo088,G005,N005,O032,2,2
correo088,G005,N005,O033,1,3
correo006,G005,N005,O029,1,2
correo006,G005,N005,O030,2,2
correo006,G005,N005,O031,1,1
correo006,G005,N005,O032,2,2
correo006,G005,N005,O033,1,3
correo029,G005,N005,O029,2,3
correo029,G005,N005,O030,2,3
correo029,G005,N005,O031,2,3
correo029,G005,N005,O032,2,3
correo029,G005,N005,O033,1,1
correo014,G005,N005,O029,2,2
correo014,G005,N005,O030,3,3
correo014,G005,N005,O031,2,2
correo014,G005,N005,O032,1,1
correo014,G005,N005,O033,1,4
correo011,G005,N005,O029,3,3
correo011,G005,N005,O030,3,3
correo011,G005,N005,O031,2,2
correo011,G005,N005,O032,1,1
correo011,G005,N005,O033,1,2
correo027,G005,N005,O029,1,2
correo027,G005,N005,O030,3,3
correo027,G005,N005,O031,3,3
correo027,G005,N005,O032,3,3
correo027,G005,N005,O033,3,4
correo002,G007,N007,O034,1,3
correo002,G007,N007,O035,3,4
correo002,G007,N007,O036,3,3
correo002,G007,N007,O037,1,4
correo002,G007,N007,O038,1,1
correo005,G007,N007,O034,1,4
correo005,G007,N007,O035,1,4
correo005,G007,N007,O036,1,4
correo005,G007,N007,O037,2,3
correo005,G007,N007,O038,3,4
correo025,G007,N007,O034,3,3
correo025,G007,N007,O035,2,4
correo025,G007,N007,O036,1,2
correo025,G007,N007,O037,1,2
correo025,G007,N007,O038,1,2
correo040,G007,N007,O034,2,3
correo040,G007,N007,O035,2,4
correo040,G007,N007,O036,1,3
correo040,G007,N007,O037,1,3
correo040,G007,N007,O038,1,2
correo043,G007,N007,O034,2,2
correo043,G007,N007,O035,1,3
correo043,G007,N007,O036,1,3
correo043,G007,N007,O037,1,3
correo043,G007,N007,O038,1,3
correo044,G007,N007,O034,2,2
correo044,G007,N007,O035,3,3
correo044,G007,N007,O036,1,2
correo044,G007,N007,O037,2,2
correo044,G007,N007,O038,2,2
correo055,G007,N007,O034,2,3
correo055,G007,N007,O035,2,2
correo055,G007,N007,O036,1,4
correo055,G007,N007,O037,1,2
correo055,G007,N007,O038,1,1
correo056,G007,N007,O034,1,2
correo056,G007,N007,O035,1,2
correo056,G007,N007,O036,1,2
correo056,G007,N007,O037,1,3
correo056,G007,N007,O038,2,2
correo067,G007,N007,O034,1,1
correo067,G007,N007,O035,1,1
correo067,G007,N007,O036,2,3
correo067,G007,N007,O037,1,3
correo067,G007,N007,O038,1,1
correo078,G007,N007,O034,2,2
correo078,G007,N007,O035,1,4
correo078,G007,N007,O036,1,3
correo078,G007,N007,O037,2,2
correo078,G007,N007,O038,1,1
correo089,G007,N007,O034,3,4
correo089,G007,N007,O035,1,1
correo089,G007,N007,O036,2,2
correo089,G007,N007,O037,1,4
correo089,G007,N007,O038,1,2
correo090,G007,N007,O034,1,3
correo090,G007,N007,O035,1,2
correo090,G007,N007,O036,1,1
correo090,G007,N007,O037,1,1
correo090,G007,N007,O038,2,3
correo098,G007,N007,O034,1,2
correo098,G007,N007,O035,1,1
correo098,G007,N007,O036,1,1
correo098,G007,N007,O037,3,3
correo098,G007,N007,O038,2,3
correo094,G007,N007,O034,1,1
correo094,G007,N007,O035,3,3
correo094,G007,N007,O036,1,2
correo094,G007,N007,O037,2,2
correo094,G007,N007,O038,1,1
correo077,G007,N007,O034,1,2
correo077,G007,N007,O035,3,4
correo077,G007,N007,O036,3,3
correo077,G007,N007,O037,2,2
correo077,G007,N007,O038,3,3
correo076,G007,N007,O034,1,1
correo076,G007,N007,O035,1,1
correo076,G007,N007,O036,2,3
correo076,G007,N007,O037,3,3
correo076,G007,N007,O038,1,3
correo096,G007,N007,O034,1,1
correo096,G007,N007,O035,1,1
correo096,G007,N007,O036,2,4
correo096,G007,N007,O037,1,3
correo096,G007,N007,O038,1,3
correo060,G007,N007,O034,3,3
correo060,G007,N007,O035,1,4
correo060,G007,N007,O036,2,3
correo060,G007,N007,O037,3,4
correo060,G007,N007,O038,3,3
correo013,G007,N007,O034,1,1
correo013,G007,N007,O035,2,2
correo013,G007,N007,O036,1,1
correo013,G007,N007,O037,1,3
correo013,G007,N007,O038,1,1
correo057,G007,N007,O034,3,3
correo057,G007,N007,O035,3,3
correo057,G007,N007,O036,1,3
correo057,G007,N007,O037,2,3
correo057,G007,N007,O038,1,2
correo099,G007,N007,O034,2,4
correo099,G007,N007,O035,1,1
correo099,G007,N007,O036,2,3
correo099,G007,N007,O037,2,2
correo099,G007,N007,O038,3,3
correo003,G016,N016,O039,1,3
correo003,G016,N016,O040,2,2
correo003,G016,N016,O041,1,2
correo003,G016,N016,O042,2,3
correo003,G016,N016,O043,1,2
correo027,G016,N016,O039,2,3
correo027,G016,N016,O040,1,2
correo027,G016,N016,O041,3,3
correo027,G016,N016,O042,3,3
correo027,G016,N016,O043,1,2
correo033,G016,N016,O039,1,2
correo033,G016,N016,O040,3,3
correo033,G016,N016,O041,1,2
correo033,G016,N016,O042,2,2
correo033,G016,N016,O043,2,2
correo062,G016,N016,O039,1,1
correo062,G016,N016,O040,2,2
correo062,G016,N016,O041,1,3
correo062,G016,N016,O042,1,3
correo062,G016,N016,O043,2,2
correo014,G016,N016,O039,2,2
correo014,G016,N016,O040,1,2
correo014,G016,N016,O041,1,1
correo014,G016,N016,O042,1,4
correo014,G016,N016,O043,1,2
correo011,G016,N016,O039,2,2
correo011,G016,N016,O040,2,2
correo011,G016,N016,O041,1,2
correo011,G016,N016,O042,2,3
correo011,G016,N016,O043,2,3
correo002,G016,N016,O039,2,3
correo002,G016,N016,O040,2,2
correo002,G016,N016,O041,1,2
correo002,G016,N016,O042,2,2
correo002,G016,N016,O043,1,2
correo048,G006,N006,O044,1,3
correo048,G006,N006,O045,3,4
correo048,G006,N006,O046,1,2
correo048,G006,N006,O047,2,3
correo048,G006,N006,O048,3,4
correo085,G006,N006,O044,2,3
correo085,G006,N006,O045,2,3
correo085,G006,N006,O046,1,2
correo085,G006,N006,O047,1,1
correo085,G006,N006,O048,2,2
correo016,G006,N006,O044,1,3
correo016,G006,N006,O045,2,2
correo016,G006,N006,O046,2,4
correo016,G006,N006,O047,1,3
correo016,G006,N006,O048,2,4
correo081,G006,N006,O044,1,2
correo081,G006,N006,O045,2,2
correo081,G006,N006,O046,1,4
correo081,G006,N006,O047,1,2
correo081,G006,N006,O048,2,2
correo053,G006,N006,O044,1,2
correo053,G006,N006,O045,1,4
correo053,G006,N006,O046,1,2
correo053,G006,N006,O047,3,3
correo053,G006,N006,O048,1,1
correo032,G006,N006,O044,2,3
correo032,G006,N006,O045,1,3
correo032,G006,N006,O046,1,4
correo032,G006,N006,O047,2,2
correo032,G006,N006,O048,1,1
correo060,G006,N006,O044,1,3
correo060,G006,N006,O045,1,3
correo060,G006,N006,O046,1,4
correo060,G006,N006,O047,1,3
correo060,G006,N006,O048,1,2
correo064,G006,N006,O044,2,2
correo064,G006,N006,O045,1,1
correo064,G006,N006,O046,1,1
correo064,G006,N006,O047,1,2
correo064,G006,N006,O048,3,3
correo083,G006,N006,O044,1,1
correo083,G006,N006,O045,1,1
correo083,G006,N006,O046,2,3
correo083,G006,N006,O047,1,3
correo083,G006,N006,O048,1,2
correo044,G015,N015,O049,1,1
correo044,G015,N015,O050,1,2
correo044,G015,N015,O051,1,4
correo044,G015,N015,O052,1,1
correo044,G015,N015,O053,2,3
correo063,G015,N015,O049,1,3
correo063,G015,N015,O050,2,4
correo063,G015,N015,O051,3,3
correo063,G015,N015,O052,3,3
correo063,G015,N015,O053,3,3
correo053,G015,N015,O049,3,3
correo053,G015,N015,O050,3,4
correo053,G015,N015,O051,1,3
correo053,G015,N015,O052,1,3
correo053,G015,N015,O053,2,2
correo036,G015,N015,O049,2,3
correo036,G015,N015,O050,3,3
correo036,G015,N015,O051,3,4
correo036,G015,N015,O052,2,2
correo036,G015,N015,O053,1,3
correo082,G015,N015,O049,3,3
correo082,G015,N015,O050,1,1
correo082,G015,N015,O051,1,1
correo082,G015,N015,O052,2,3
correo082,G015,N015,O053,2,3
correo025,G015,N015,O049,1,1
correo025,G015,N015,O050,3,3
correo025,G015,N015,O051,3,3
correo025,G015,N015,O052,3,3
correo025,G015,N015,O053,1,1
correo095,G015,N015,O049,1,1
correo095,G015,N015,O050,3,3
correo095,G015,N015,O051,2,3
correo095,G015,N015,O052,1,3
correo095,G015,N015,O053,1,3
correo055,G015,N015,O049,2,2
correo055,G015,N015,O050,2,2
correo055,G015,N015,O051,1,3
correo055,G015,N015,O052,3,4
correo055,G015,N015,O053,2,3
correo094,G015,N015,O049,2,2
correo094,G015,N015,O050,1,4
correo094,G015,N015,O051,2,3
correo094,G015,N015,O052,2,2
correo094,G015,N015,O053,1,1
correo056,G015,N015,O049,2,2
correo056,G015,N015,O050,1,2
correo056,G015,N015,O051,2,2
correo056,G015,N015,O052,1,1
correo056,G015,N015,O053,3,3
correo086,G015,N015,O049,1,1
correo086,G015,N015,O050,1,3
correo086,G015,N015,O051,2,2
correo086,G015,N015,O052,1,1
correo086,G015,N015,O053,1,2
correo078,G015,N015,O049,3,3
correo078,G015,N015,O050,1,2
correo078,G015,N015,O051,2,2
correo078,G015,N015,O052,1,1
correo078,G015,N015,O053,1,1
correo083,G015,N015,O049,1,3
correo083,G015,N015,O050,2,2
correo083,G015,N015,O051,2,3
correo083,G015,N015,O052,1,2
correo083,G015,N015,O053,1,1
correo005,G015,N015,O049,2,2
correo005,G015,N015,O050,1,3
correo005,G015,N015,O051,1,2
correo005,G015,N015,O052,1,2
correo005,G015,N015,O053,2,3
correo021,G015,N015,O049,2,3
correo021,G015,N015,O050,2,3
correo021,G015,N015,O051,1,3
correo021,G015,N015,O052,1,1
correo021,G015,N015,O053,2,2
correo097,G015,N015,O049,1,1
correo097,G015,N015,O050,1,2
correo097,G015,N015,O051,2,2
correo097,G015,N015,O052,3,3
correo097,G015,N015,O053,3,4
correo032,G015,N015,O049,2,3
correo032,G015,N015,O050,1,3
correo032,G015,N015,O051,1,4
correo032,G015,N015,O052,1,3
correo032,G015,N015,O053,2,2
correo090,G015,N015,O049,1,1
correo090,G015,N015,O050,2,2
correo090,G015,N015,O051,1,2
correo090,G015,N015,O052,1,3
correo090,G015,N015,O053,3,3
correo040,G015,N015,O049,1,2
correo040,G015,N015,O050,2,2
correo040,G015,N015,O051,2,3
correo040,G015,N015,O052,1,4
correo040,G015,N015,O053,1,4
correo015,G015,N015,O049,2,2
correo015,G015,N015,O050,2,2
correo015,G015,N015,O051,3,3
correo015,G015,N015,O052,3,4
correo015,G015,N015,O053,1,2
correo025,G001,N001,O054,2,2
correo025,G001,N001,O055,1,3
correo025,G001,N001,O056,2,2
correo025,G001,N001,O057,1,1
correo025,G001,N001,O058,1,2
correo063,G001,N002,O054,3,3
correo063,G001,N002,O055,2,3
correo063,G001,N002,O056,2,4
correo063,G001,N002,O057,2,4
correo063,G001,N002,O058,2,2
correo078,G001,N003,O054,1,3
correo078,G001,N003,O055,1,1
correo078,G001,N003,O056,2,2
correo078,G001,N003,O057,3,3
correo078,G001,N003,O058,2,3
correo090,G001,N004,O054,3,3
correo090,G001,N004,O055,2,2
correo090,G001,N004,O056,1,2
correo090,G001,N004,O057,1,4
correo090,G001,N004,O058,2,3
correo005,G001,N001,O054,3,3
correo005,G001,N001,O055,1,3
correo005,G001,N001,O056,2,3
correo005,G001,N001,O057,1,2
correo005,G001,N001,O058,3,4
correo039,G001,N002,O054,3,3
correo039,G001,N002,O055,2,4
correo039,G001,N002,O056,2,3
correo039,G001,N002,O057,2,2
correo039,G001,N002,O058,2,2
correo043,G001,N003,O054,1,4
correo043,G001,N003,O055,1,4
correo043,G001,N003,O056,2,2
correo043,G001,N003,O057,3,4
correo043,G001,N003,O058,2,2
correo051,G001,N004,O054,1,1
correo051,G001,N004,O055,2,3
correo051,G001,N004,O056,2,2
correo051,G001,N004,O057,3,3
correo051,G001,N004,O058,1,2
correo056,G001,N001,O054,2,3
correo056,G001,N001,O055,2,2
correo056,G001,N001,O056,1,3
correo056,G001,N001,O057,2,3
correo056,G001,N001,O058,1,2
correo082,G001,N002,O054,2,3
correo082,G001,N002,O055,1,2
correo082,G001,N002,O056,1,4
correo082,G001,N002,O057,2,3
correo082,G001,N002,O058,2,2
correo021,G001,N003,O054,1,1
correo021,G001,N003,O055,1,2
correo021,G001,N003,O056,3,4
correo021,G001,N003,O057,1,2
correo021,G001,N003,O058,3,4
correo046,G002,N001,O059,1,3
correo046,G002,N001,O060,1,2
correo046,G002,N001,O061,2,2
correo046,G002,N001,O062,1,2
correo046,G002,N001,O063,2,2
correo086,G002,N002,O059,2,2
correo086,G002,N002,O060,2,3
correo086,G002,N002,O061,1,2
correo086,G002,N002,O062,2,2
correo086,G002,N002,O063,2,3
correo002,G002,N003,O059,3,4
correo002,G002,N003,O060,2,4
correo002,G002,N003,O061,1,2
correo002,G002,N003,O062,3,3
correo002,G002,N003,O063,3,4
correo049,G002,N004,O059,3,3
correo049,G002,N004,O060,2,3
correo049,G002,N004,O061,1,3
correo049,G002,N004,O062,2,2
correo049,G002,N004,O063,1,1
correo054,G002,N001,O059,2,2
correo054,G002,N001,O060,2,3
correo054,G002,N001,O061,1,3
correo054,G002,N001,O062,2,2
correo054,G002,N001,O063,1,2
correo030,G002,N002,O059,1,4
correo030,G002,N002,O060,1,4
correo030,G002,N002,O061,1,2
correo030,G002,N002,O062,2,2
correo030,G002,N002,O063,3,3
correo050,G002,N003,O059,3,3
correo050,G002,N003,O060,1,3
correo050,G002,N003,O061,1,1
correo050,G002,N003,O062,2,2
correo050,G002,N003,O063,2,2
correo071,G002,N004,O059,2,2
correo071,G002,N004,O060,3,3
correo071,G002,N004,O061,1,1
correo071,G002,N004,O062,2,4
correo071,G002,N004,O063,3,3
correo079,G002,N001,O059,2,3
correo079,G002,N001,O060,3,3
correo079,G002,N001,O061,1,3
correo079,G002,N001,O062,1,2
correo079,G002,N001,O063,2,2
correo101,G002,N002,O059,1,2
correo101,G002,N002,O060,2,3
correo101,G002,N002,O061,3,3
correo101,G002,N002,O062,2,2
correo101,G002,N002,O063,3,3
correo024,G002,N003,O059,1,1
correo024,G002,N003,O060,2,3
correo024,G002,N003,O061,1,1
correo024,G002,N003,O062,1,1
correo024,G002,N003,O063,2,3
correo033,G003,N001,O064,1,1
correo033,G003,N001,O065,2,3
correo033,G003,N001,O066,1,2
correo033,G003,N001,O067,1,2
correo033,G003,N001,O068,1,2
correo018,G003,N002,O064,3,4
correo018,G003,N002,O065,2,2
correo018,G003,N002,O066,1,2
correo018,G003,N002,O067,2,4
correo018,G003,N002,O068,1,2
correo008,G003,N003,O064,2,2
correo008,G003,N003,O065,1,3
correo008,G003,N003,O066,3,3
correo008,G003,N003,O067,1,3
correo008,G003,N003,O068,1,2
correo037,G003,N004,O064,2,4
correo037,G003,N004,O065,1,4
correo037,G003,N004,O066,1,2
correo037,G003,N004,O067,2,4
correo037,G003,N004,O068,2,2
correo072,G003,N001,O064,2,4
correo072,G003,N001,O065,2,4
correo072,G003,N001,O066,2,2
correo072,G003,N001,O067,2,3
correo072,G003,N001,O068,1,1
correo078,G003,N002,O064,1,4
correo078,G003,N002,O065,2,4
correo078,G003,N002,O066,3,3
correo078,G003,N002,O067,1,4
correo078,G003,N002,O068,1,1
correo051,G003,N003,O064,1,1
correo051,G003,N003,O065,1,1
correo051,G003,N003,O066,1,2
correo051,G003,N003,O067,2,3
correo051,G003,N003,O068,2,3
correo081,G003,N004,O064,2,2
correo081,G003,N004,O065,1,2
correo081,G003,N004,O066,1,4
correo081,G003,N004,O067,1,2
correo081,G003,N004,O068,1,2
correo047,G003,N001,O064,2,2
correo047,G003,N001,O065,3,3
correo047,G003,N001,O066,3,3
correo047,G003,N001,O067,2,3
correo047,G003,N001,O068,3,4
correo049,G003,N002,O064,1,2
correo049,G003,N002,O065,3,3
correo049,G003,N002,O066,3,4
correo049,G003,N002,O067,2,3
correo049,G003,N002,O068,2,3
correo026,G003,N003,O064,3,4
correo026,G003,N003,O065,2,2
correo026,G003,N003,O066,1,1
correo026,G003,N003,O067,1,4
correo026,G003,N003,O068,2,2
correo028,G004,N001,O069,1,2
correo028,G004,N001,O070,1,2
correo028,G004,N001,O071,2,2
correo028,G004,N001,O072,1,1
correo028,G004,N001,O073,2,2
correo091,G004,N002,O069,2,3
correo091,G004,N002,O070,2,3
correo091,G004,N002,O071,3,3
correo091,G004,N002,O072,1,3
correo091,G004,N002,O073,3,3
correo014,G004,N003,O069,1,4
correo014,G004,N003,O070,3,4
correo014,G004,N003,O071,2,2
correo014,G004,N003,O072,2,2
correo014,G004,N003,O073,1,2
correo045,G004,N004,O069,2,2
correo045,G004,N004,O070,1,1
correo045,G004,N004,O071,3,3
correo045,G004,N004,O072,3,3
correo045,G004,N004,O073,1,2
correo053,G004,N001,O069,1,1
correo053,G004,N001,O070,3,4
correo053,G004,N001,O071,1,1
correo053,G004,N001,O072,1,1
correo053,G004,N001,O073,2,2
correo033,G004,N002,O069,3,3
correo033,G004,N002,O070,3,4
correo033,G004,N002,O071,2,2
correo033,G004,N002,O072,1,1
correo033,G004,N002,O073,1,4
correo075,G004,N003,O069,2,2
correo075,G004,N003,O070,1,2
correo075,G004,N003,O071,2,2
correo075,G004,N003,O072,1,2
correo075,G004,N003,O073,2,2
correo006,G004,N004,O069,3,3
correo006,G004,N004,O070,1,4
correo006,G004,N004,O071,1,4
correo006,G004,N004,O072,2,2
correo006,G004,N004,O073,2,4
correo059,G004,N001,O069,1,1
correo059,G004,N001,O070,2,2
correo059,G004,N001,O071,2,2
correo059,G004,N001,O072,1,3
correo059,G004,N001,O073,1,1
correo026,G004,N002,O069,1,1
correo026,G004,N002,O070,1,1
correo026,G004,N002,O071,1,2
correo026,G004,N002,O072,1,3
correo026,G004,N002,O073,1,2
correo010,G004,N003,O069,3,3
correo010,G004,N003,O070,3,3
correo010,G004,N003,O071,2,3
correo010,G004,N003,O072,3,4
correo010,G004,N003,O073,3,4
correo091,G019,N019,O074,1,3
correo091,G019,N019,O075,2,2
correo091,G019,N019,O076,2,2
correo091,G019,N019,O077,1,3
correo091,G019,N019,O078,1,2
correo062,G019,N019,O074,3,3
correo062,G019,N019,O075,2,4
correo062,G019,N019,O076,3,3
correo062,G019,N019,O077,2,3
correo062,G019,N019,O078,2,3
correo063,G019,N019,O074,2,3
correo063,G019,N019,O075,1,4
correo063,G019,N019,O076,1,2
correo063,G019,N019,O077,2,3
correo063,G019,N019,O078,3,3
correo014,G019,N019,O074,2,4
correo014,G019,N019,O075,1,4
correo014,G019,N019,O076,1,1
correo014,G019,N019,O077,1,3
correo014,G019,N019,O078,2,4
correo029,G019,N019,O074,1,1
correo029,G019,N019,O075,3,4
correo029,G019,N019,O076,2,4
correo029,G019,N019,O077,1,2
correo029,G019,N019,O078,2,2
correo020,G019,N019,O074,2,3
correo020,G019,N019,O075,1,1
correo020,G019,N019,O076,3,3
correo020,G019,N019,O077,1,2
correo020,G019,N019,O078,2,2
correo038,G019,N019,O074,1,1
correo038,G019,N019,O075,1,3
correo038,G019,N019,O076,2,4
correo038,G019,N019,O077,1,2
correo038,G019,N019,O078,3,3
correo040,G019,N019,O074,1,4
correo040,G019,N019,O075,1,1
correo040,G019,N019,O076,2,3
correo040,G019,N019,O077,2,3
correo040,G019,N019,O078,2,2
correo049,G019,N019,O074,1,1
correo049,G019,N019,O075,2,3
correo049,G019,N019,O076,3,3
correo049,G019,N019,O077,1,2
correo049,G019,N019,O078,1,1
correo001,G009,N009,O079,1,4
correo001,G009,N009,O080,1,1
correo001,G009,N009,O081,1,3
correo001,G009,N009,O082,2,2
correo001,G009,N009,O083,2,3
correo006,G009,N010,O079,1,3
correo006,G009,N010,O080,1,4
correo006,G009,N010,O081,3,3
correo006,G009,N010,O082,3,4
correo006,G009,N010,O083,1,2
correo007,G009,N020,O079,1,1
correo007,G009,N020,O080,1,1
correo007,G009,N020,O081,1,1
correo007,G009,N020,O082,2,3
correo007,G009,N020,O083,2,2
correo008,G009,N009,O079,3,3
correo008,G009,N009,O080,2,2
correo008,G009,N009,O081,1,3
correo008,G009,N009,O082,3,3
correo008,G009,N009,O083,1,2
correo009,G009,N010,O079,1,1
correo009,G009,N010,O080,3,4
correo009,G009,N010,O081,1,1
correo009,G009,N010,O082,3,3
correo009,G009,N010,O083,2,3
correo010,G009,N020,O079,3,4
correo010,G009,N020,O080,1,2
correo010,G009,N020,O081,3,3
correo010,G009,N020,O082,1,4
correo010,G009,N020,O083,3,3
correo011,G009,N009,O079,2,2
correo011,G009,N009,O080,2,4
correo011,G009,N009,O081,1,4
correo011,G009,N009,O082,2,2
correo011,G009,N009,O083,2,2
correo014,G009,N010,O079,1,3
correo014,G009,N010,O080,3,4
correo014,G009,N010,O081,2,2
correo014,G009,N010,O082,1,2
correo014,G009,N010,O083,1,4
correo015,G009,N020,O079,1,3
correo015,G009,N020,O080,1,1
correo015,G009,N020,O081,1,1
correo015,G009,N020,O082,1,1
correo015,G009,N020,O083,1,3
correo017,G009,N009,O079,1,1
correo017,G009,N009,O080,1,1
correo017,G009,N009,O081,2,2
correo017,G009,N009,O082,3,3
correo017,G009,N009,O083,1,2
correo018,G009,N010,O079,3,3
correo018,G009,N010,O080,1,1
correo018,G009,N010,O081,1,1
correo018,G009,N010,O082,3,3
correo018,G009,N010,O083,1,3
correo019,G009,N020,O079,1,1
correo019,G009,N020,O080,1,4
correo019,G009,N020,O081,1,3
correo019,G009,N020,O082,2,2
correo019,G009,N020,O083,3,3
correo020,G009,N009,O079,1,2
correo020,G009,N009,O080,1,3
correo020,G009,N009,O081,1,1
correo020,G009,N009,O082,2,2
correo020,G009,N009,O083,1,2
correo023,G009,N010,O079,2,3
correo023,G009,N010,O080,1,2
correo023,G009,N010,O081,1,3
correo023,G009,N010,O082,3,3
correo023,G009,N010,O083,3,3
correo024,G009,N020,O079,1,2
correo024,G009,N020,O080,2,2
correo024,G009,N020,O081,1,4
correo024,G009,N020,O082,2,2
correo024,G009,N020,O083,3,3
correo026,G009,N009,O079,2,4
correo026,G009,N009,O080,1,4
correo026,G009,N009,O081,1,2
correo026,G009,N009,O082,3,3
correo026,G009,N009,O083,1,1
correo027,G009,N010,O079,2,4
correo027,G009,N010,O080,1,2
correo027,G009,N010,O081,3,4
correo027,G009,N010,O082,2,3
correo027,G009,N010,O083,1,4
correo028,G009,N020,O079,1,3
correo028,G009,N020,O080,1,1
correo028,G009,N020,O081,2,3
correo028,G009,N020,O082,2,4
correo028,G009,N020,O083,1,1
correo029,G009,N009,O079,1,2
correo029,G009,N009,O080,1,1
correo029,G009,N009,O081,2,3
correo029,G009,N009,O082,3,4
correo029,G009,N009,O083,3,3
correo030,G009,N010,O079,1,3
correo030,G009,N010,O080,2,3
correo030,G009,N010,O081,1,2
correo030,G009,N010,O082,1,2
correo030,G009,N010,O083,1,2
correo031,G010,N009,O084,2,3
correo031,G010,N009,O085,1,2
correo031,G010,N009,O086,3,4
correo031,G010,N009,O087,2,4
correo031,G010,N009,O088,2,2
correo033,G010,N010,O084,2,2
correo033,G010,N010,O085,2,2
correo033,G010,N010,O086,1,1
correo033,G010,N010,O087,1,1
correo033,G010,N010,O088,3,3
correo035,G010,N020,O084,1,1
correo035,G010,N020,O085,1,2
correo035,G010,N020,O086,2,3
correo035,G010,N020,O087,2,2
correo035,G010,N020,O088,2,2
correo036,G010,N009,O084,1,3
correo036,G010,N009,O085,3,4
correo036,G010,N009,O086,1,1
correo036,G010,N009,O087,3,3
correo036,G010,N009,O088,2,3
correo037,G010,N010,O084,2,3
correo037,G010,N010,O085,3,3
correo037,G010,N010,O086,1,2
correo037,G010,N010,O087,1,1
correo037,G010,N010,O088,1,2
correo041,G010,N020,O084,1,1
correo041,G010,N020,O085,2,2
correo041,G010,N020,O086,1,2
correo041,G010,N020,O087,1,2
correo041,G010,N020,O088,3,4
correo042,G010,N009,O084,3,3
correo042,G010,N009,O085,2,4
correo042,G010,N009,O086,1,1
correo042,G010,N009,O087,1,4
correo042,G010,N009,O088,2,2
correo045,G010,N010,O084,1,1
correo045,G010,N010,O085,3,3
correo045,G010,N010,O086,1,3
correo045,G010,N010,O087,1,3
correo045,G010,N010,O088,1,3
correo046,G010,N020,O084,3,3
correo046,G010,N020,O085,1,2
correo046,G010,N020,O086,1,2
correo046,G010,N020,O087,2,2
correo046,G010,N020,O088,1,1
correo047,G010,N009,O084,1,4
correo047,G010,N009,O085,2,4
correo047,G010,N009,O086,1,1
correo047,G010,N009,O087,3,3
correo047,G010,N009,O088,1,4
correo048,G010,N010,O084,1,4
correo048,G010,N010,O085,1,2
correo048,G010,N010,O086,2,2
correo048,G010,N010,O087,1,1
correo048,G010,N010,O088,2,2
correo049,G010,N020,O084,1,1
correo049,G010,N020,O085,1,3
correo049,G010,N020,O086,3,4
correo049,G010,N020,O087,2,2
correo049,G010,N020,O088,2,3
correo050,G010,N009,O084,3,3
correo050,G010,N009,O085,1,1
correo050,G010,N009,O086,2,2
correo050,G010,N009,O087,3,3
correo050,G010,N009,O088,1,2
correo053,G010,N010,O084,2,4
correo053,G010,N010,O085,2,2
correo053,G010,N010,O086,3,3
correo053,G010,N010,O087,1,1
correo053,G010,N010,O088,1,2
correo054,G010,N020,O084,1,1
correo054,G010,N020,O085,2,4
correo054,G010,N020,O086,3,3
correo054,G010,N020,O087,1,3
correo054,G010,N020,O088,2,2
correo058,G010,N009,O084,1,4
correo058,G010,N009,O085,1,2
correo058,G010,N009,O086,2,4
correo058,G010,N009,O087,1,2
correo058,G010,N009,O088,1,1
correo059,G010,N010,O084,1,4
correo059,G010,N010,O085,3,3
correo059,G010,N010,O086,1,4
correo059,G010,N010,O087,1,1
correo059,G010,N010,O088,1,1
correo061,G010,N020,O084,1,3
correo061,G010,N020,O085,1,1
correo061,G010,N020,O086,2,2
correo061,G010,N020,O087,3,3
correo061,G010,N020,O088,3,4
correo062,G010,N009,O084,1,1
correo062,G010,N009,O085,2,2
correo062,G010,N009,O086,1,1
correo062,G010,N009,O087,1,1
correo062,G010,N009,O088,3,3
correo063,G010,N010,O084,1,1
correo063,G010,N010,O085,2,3
correo063,G010,N010,O086,2,3
correo063,G010,N010,O087,1,1
correo063,G010,N010,O088,1,1
correo065,G020,N009,O089,3,3
correo065,G020,N009,O090,2,4
correo065,G020,N009,O091,2,3
correo065,G020,N009,O092,1,3
correo065,G020,N009,O093,1,2
correo066,G020,N010,O089,2,3
correo066,G020,N010,O090,1,1
correo066,G020,N010,O091,1,2
correo066,G020,N010,O092,2,4
correo066,G020,N010,O093,2,2
correo068,G020,N020,O089,1,1
correo068,G020,N020,O090,1,2
correo068,G020,N020,O091,1,2
correo068,G020,N020,O092,1,1
correo068,G020,N020,O093,3,3
correo070,G020,N009,O089,2,2
correo070,G020,N009,O090,2,3
correo070,G020,N009,O091,2,3
correo070,G020,N009,O092,1,1
correo070,G020,N009,O093,2,2
correo071,G020,N010,O089,1,2
correo071,G020,N010,O090,1,2
correo071,G020,N010,O091,1,2
correo071,G020,N010,O092,1,3
correo071,G020,N010,O093,1,1
correo072,G020,N020,O089,1,3
correo072,G020,N020,O090,1,3
correo072,G020,N020,O091,2,4
correo072,G020,N020,O092,3,4
correo072,G020,N020,O093,2,2
correo073,G020,N009,O089,1,1
correo073,G020,N009,O090,1,3
correo073,G020,N009,O091,2,2
correo073,G020,N009,O092,1,2
correo073,G020,N009,O093,3,3
correo074,G020,N010,O089,1,2
correo074,G020,N010,O090,3,4
correo074,G020,N010,O091,1,4
correo074,G020,N010,O092,2,3
correo074,G020,N010,O093,1,3
correo075,G020,N020,O089,1,2
correo075,G020,N020,O090,1,3
correo075,G020,N020,O091,1,3
correo075,G020,N020,O092,2,2
correo075,G020,N020,O093,1,3
correo080,G020,N009,O089,3,3
correo080,G020,N009,O090,1,1
correo080,G020,N009,O091,2,3
correo080,G020,N009,O092,1,4
correo080,G020,N009,O093,1,3
correo082,G020,N010,O089,1,3
correo082,G020,N010,O090,1,1
correo082,G020,N010,O091,2,2
correo082,G020,N010,O092,1,4
correo082,G020,N010,O093,1,2
correo083,G020,N020,O089,1,2
correo083,G020,N020,O090,1,3
correo083,G020,N020,O091,2,2
correo083,G020,N020,O092,1,1
correo083,G020,N020,O093,1,2
correo086,G020,N009,O089,2,3
correo086,G020,N009,O090,2,2
correo086,G020,N009,O091,1,3
correo086,G020,N009,O092,1,1
correo086,G020,N009,O093,1,2
correo087,G020,N010,O089,3,3
correo087,G020,N010,O090,2,2
correo087,G020,N010,O091,2,2
correo087,G020,N010,O092,2,2
correo087,G020,N010,O093,1,3
correo091,G020,N020,O089,3,3
correo091,G020,N020,O090,2,2
correo091,G020,N020,O091,1,2
correo091,G020,N020,O092,1,2
correo091,G020,N020,O093,1,1
correo092,G020,N009,O089,2,2
correo092,G020,N009,O090,1,1
correo092,G020,N009,O091,3,4
correo092,G020,N009,O092,1,2
correo092,G020,N009,O093,3,3
correo093,G020,N010,O089,2,3
correo093,G020,N010,O090,1,1
correo093,G020,N010,O091,2,4
correo093,G020,N010,O092,2,4
correo093,G020,N010,O093,1,1
correo095,G020,N020,O089,2,2
correo095,G020,N020,O090,3,4
correo095,G020,N020,O091,1,2
correo095,G020,N020,O092,1,2
correo095,G020,N020,O093,3,3
correo097,G020,N009,O089,1,3
correo097,G020,N009,O090,2,2
correo097,G020,N009,O091,2,3
correo097,G020,N009,O092,1,1
correo097,G020,N009,O093,2,2
correo014,G013,N013,O094,2,3
correo014,G013,N013,O095,1,1
correo014,G013,N013,O096,1,1
correo014,G013,N013,O097,2,4
correo014,G013,N013,O098,2,3
correo015,G013,N023,O094,2,3
correo015,G013,N023,O095,1,1
correo015,G013,N023,O096,2,4
correo015,G013,N023,O097,1,4
correo015,G013,N023,O098,1,2
correo018,G013,N013,O094,1,1
correo018,G013,N013,O095,3,4
correo018,G013,N013,O096,3,3
correo018,G013,N013,O097,3,3
correo018,G013,N013,O098,2,3
correo017,G013,N023,O094,1,3
correo017,G013,N023,O095,2,4
correo017,G013,N023,O096,3,3
correo017,G013,N023,O097,3,4
correo017,G013,N023,O098,3,3
correo024,G013,N013,O094,1,1
correo024,G013,N013,O095,1,4
correo024,G013,N013,O096,2,3
correo024,G013,N013,O097,2,4
correo024,G013,N013,O098,1,1
correo031,G013,N023,O094,1,3
correo031,G013,N023,O095,1,2
correo031,G013,N023,O096,1,3
correo031,G013,N023,O097,2,3
correo031,G013,N023,O098,1,1
correo036,G013,N013,O094,1,3
correo036,G013,N013,O095,2,3
correo036,G013,N013,O096,1,3
correo036,G013,N013,O097,3,3
correo036,G013,N013,O098,1,2
correo039,G013,N023,O094,3,3
correo039,G013,N023,O095,1,2
correo039,G013,N023,O096,1,3
correo039,G013,N023,O097,1,3
correo039,G013,N023,O098,2,3
correo080,G013,N013,O094,1,1
correo080,G013,N013,O095,1,2
correo080,G013,N013,O096,2,2
correo080,G013,N013,O097,1,3
correo080,G013,N013,O098,3,3
correo045,G013,N023,O094,1,1
correo045,G013,N023,O095,3,4
correo045,G013,N023,O096,1,2
correo045,G013,N023,O097,2,3
correo045,G013,N023,O098,2,2
correo046,G013,N013,O094,1,1
correo046,G013,N013,O095,1,2
correo046,G013,N013,O096,3,3
correo046,G013,N013,O097,1,3
correo046,G013,N013,O098,1,1
correo050,G013,N023,O094,2,2
correo050,G013,N023,O095,1,3
correo050,G013,N023,O096,1,2
correo050,G013,N023,O097,1,1
correo050,G013,N023,O098,3,3
correo054,G013,N013,O094,1,2
correo054,G013,N013,O095,2,4
correo054,G013,N013,O096,1,2
correo054,G013,N013,O097,1,3
correo054,G013,N013,O098,1,1
correo061,G013,N023,O094,1,1
correo061,G013,N023,O095,1,1
correo061,G013,N023,O096,2,2
correo061,G013,N023,O097,3,4
correo061,G013,N023,O098,2,3
correo071,G013,N013,O094,2,4
correo071,G013,N013,O095,2,2
correo071,G013,N013,O096,1,4
correo071,G013,N013,O097,1,3
correo071,G013,N013,O098,2,4
correo072,G013,N023,O094,1,2
correo072,G013,N023,O095,3,3
correo072,G013,N023,O096,2,2
correo072,G013,N023,O097,2,2
correo072,G013,N023,O098,1,3
correo074,G013,N013,O094,2,3
correo074,G013,N013,O095,2,2
correo074,G013,N013,O096,1,1
correo074,G013,N013,O097,1,1
correo074,G013,N013,O098,1,1
correo082,G013,N023,O094,2,3
correo082,G013,N023,O095,2,2
correo082,G013,N023,O096,1,3
correo082,G013,N023,O097,1,2
correo082,G013,N023,O098,3,4
correo001,G011,N011,O099,1,5
correo001,G011,N011,O0100,1,1
correo001,G011,N011,O101,2,2
correo001,G011,N011,O102,2,3
correo001,G011,N011,O103,1,2
correo006,G011,N012,O099,4,4
correo006,G011,N012,O0100,2,4
correo006,G011,N012,O101,3,3
correo006,G011,N012,O102,3,3
correo006,G011,N012,O103,3,3
correo007,G011,N021,O099,1,2
correo007,G011,N021,O0100,1,3
correo007,G011,N021,O101,1,2
correo007,G011,N021,O102,2,4
correo007,G011,N021,O103,2,2
correo008,G011,N022,O099,3,4
correo008,G011,N022,O0100,2,2
correo008,G011,N022,O101,1,1
correo008,G011,N022,O102,2,2
correo008,G011,N022,O103,3,3
correo010,G011,N011,O099,1,1
correo010,G011,N011,O0100,2,2
correo010,G011,N011,O101,3,3
correo010,G011,N011,O102,1,1
correo010,G011,N011,O103,2,4
correo011,G011,N012,O099,3,4
correo011,G011,N012,O0100,1,3
correo011,G011,N012,O101,1,3
correo011,G011,N012,O102,1,1
correo011,G011,N012,O103,2,3
correo014,G011,N021,O099,1,3
correo014,G011,N021,O0100,2,2
correo014,G011,N021,O101,1,3
correo014,G011,N021,O102,3,3
correo014,G011,N021,O103,1,1
correo015,G011,N022,O099,1,3
correo015,G011,N022,O0100,1,3
correo015,G011,N022,O101,4,4
correo015,G011,N022,O102,3,3
correo015,G011,N022,O103,1,1
correo020,G011,N011,O099,3,4
correo020,G011,N011,O0100,1,1
correo020,G011,N011,O101,2,4
correo020,G011,N011,O102,1,5
correo020,G011,N011,O103,3,3
correo023,G011,N012,O099,1,4
correo023,G011,N012,O0100,3,5
correo023,G011,N012,O101,1,2
correo023,G011,N012,O102,2,2
correo023,G011,N012,O103,2,2
correo027,G011,N021,O099,1,3
correo027,G011,N021,O0100,3,5
correo027,G011,N021,O101,1,1
correo027,G011,N021,O102,3,3
correo027,G011,N021,O103,3,4
correo028,G011,N022,O099,1,1
correo028,G011,N022,O0100,2,3
correo028,G011,N022,O101,1,2
correo028,G011,N022,O102,2,2
correo028,G011,N022,O103,1,2
correo029,G011,N011,O099,1,3
correo029,G011,N011,O0100,1,3
correo029,G011,N011,O101,2,2
correo029,G011,N011,O102,3,5
correo029,G011,N011,O103,2,2
correo033,G011,N012,O099,3,3
correo033,G011,N012,O0100,3,3
correo033,G011,N012,O101,1,2
correo033,G011,N012,O102,3,4
correo033,G011,N012,O103,4,4
correo041,G011,N021,O099,1,1
correo041,G011,N021,O0100,2,2
correo041,G011,N021,O101,2,2
correo041,G011,N021,O102,1,3
correo041,G011,N021,O103,1,1
correo045,G011,N022,O099,2,3
correo045,G011,N022,O0100,3,5
correo045,G011,N022,O101,3,3
correo045,G011,N022,O102,3,3
correo045,G011,N022,O103,1,5
correo047,G011,N011,O099,1,5
correo047,G011,N011,O0100,2,2
correo047,G011,N011,O101,3,3
correo047,G011,N011,O102,2,4
correo047,G011,N011,O103,2,2
correo048,G011,N012,O099,2,3
correo048,G011,N012,O0100,1,1
correo048,G011,N012,O101,1,3
correo048,G011,N012,O102,3,4
correo048,G011,N012,O103,2,3
correo051,G011,N021,O099,2,3
correo051,G011,N021,O0100,1,2
correo051,G011,N021,O101,2,3
correo051,G011,N021,O102,2,5
correo051,G011,N021,O103,1,2
correo053,G012,N011,O104,2,4
correo053,G012,N011,O105,2,2
correo053,G012,N011,O106,3,4
correo053,G012,N011,O107,2,3
correo053,G012,N011,O108,1,1
correo059,G012,N012,O104,2,2
correo059,G012,N012,O105,1,3
correo059,G012,N012,O106,3,4
correo059,G012,N012,O107,2,3
correo059,G012,N012,O108,2,4
correo062,G012,N021,O104,2,2
correo062,G012,N021,O105,2,2
correo062,G012,N021,O106,1,4
correo062,G012,N021,O107,2,3
correo062,G012,N021,O108,1,1
correo063,G012,N022,O104,3,3
correo063,G012,N022,O105,1,3
correo063,G012,N022,O106,3,4
correo063,G012,N022,O107,1,1
correo063,G012,N022,O108,2,3
correo065,G012,N011,O104,3,3
correo065,G012,N011,O105,1,3
correo065,G012,N011,O106,1,1
correo065,G012,N011,O107,2,4
correo065,G012,N011,O108,2,3
correo066,G012,N012,O104,1,3
correo066,G012,N012,O105,2,3
correo066,G012,N012,O106,1,2
correo066,G012,N012,O107,3,3
correo066,G012,N012,O108,1,2
correo068,G012,N021,O104,2,2
correo068,G012,N021,O105,2,2
correo068,G012,N021,O106,1,1
correo068,G012,N021,O107,1,2
correo068,G012,N021,O108,1,2
correo070,G012,N022,O104,1,2
correo070,G012,N022,O105,1,1
correo070,G012,N022,O106,1,2
correo070,G012,N022,O107,1,4
correo070,G012,N022,O108,1,1
correo073,G012,N011,O104,1,2
correo073,G012,N011,O105,1,2
correo073,G012,N011,O106,2,3
correo073,G012,N011,O107,1,2
correo073,G012,N011,O108,2,3
correo074,G012,N012,O104,2,2
correo074,G012,N012,O105,1,2
correo074,G012,N012,O106,1,3
correo074,G012,N012,O107,1,4
correo074,G012,N012,O108,2,2
correo075,G012,N021,O104,3,3
correo075,G012,N021,O105,3,3
correo075,G012,N021,O106,1,2
correo075,G012,N021,O107,1,1
correo075,G012,N021,O108,2,2
correo080,G012,N022,O104,1,3
correo080,G012,N022,O105,2,2
correo080,G012,N022,O106,1,1
correo080,G012,N022,O107,1,1
correo080,G012,N022,O108,1,1
correo081,G012,N011,O104,2,3
correo081,G012,N011,O105,1,2
correo081,G012,N011,O106,1,3
correo081,G012,N011,O107,1,1
correo081,G012,N011,O108,2,2
correo087,G012,N012,O104,1,2
correo087,G012,N012,O105,1,1
correo087,G012,N012,O106,1,4
correo087,G012,N012,O107,3,4
correo087,G012,N012,O108,2,2
correo091,G012,N021,O104,1,2
correo091,G012,N021,O105,3,3
correo091,G012,N021,O106,3,3
correo091,G012,N021,O107,1,4
correo091,G012,N021,O108,3,3
correo093,G012,N022,O104,1,2
correo093,G012,N022,O105,3,3
correo093,G012,N022,O106,2,3
correo093,G012,N022,O107,1,2
correo093,G012,N022,O108,1,1
correo095,G012,N011,O104,1,2
correo095,G012,N011,O105,1,2
correo095,G012,N011,O106,1,4
correo095,G012,N011,O107,2,3
correo095,G012,N011,O108,1,2
