correo006,G014,N014,O001,0.1,0.8
correo006,G014,N014,O002,0.4,0.4
correo006,G014,N014,O003,0.4,3.8
correo006,G014,N014,O004,2,2.6
correo006,G014,N014,O005,0,0
correo006,G014,N014,O006,1.3,1.7
correo006,G014,N014,O007,1,1.9
correo006,G014,N014,O008,1.2,1.9
correo006,G014,N014,O009,1.5,1.7
correo006,G014,N014,O0010,0.5,2.1
correo006,G014,N014,O011,2.1,4.4
correo006,G014,N014,O012,0.6,1.6
correo006,G014,N014,O013,0.9,0.9
correo007,G014,N025,O001,0.3,2.1
correo007,G014,N025,O002,1.9,4.8
correo007,G014,N025,O003,0.9,1
correo007,G014,N025,O004,0,0.3
correo007,G014,N025,O005,1.6,1.9
correo007,G014,N025,O006,0.1,0.6
correo007,G014,N025,O007,0.5,2.6
correo007,G014,N025,O008,0,1.2
correo007,G014,N025,O009,0.4,2.2
correo007,G014,N025,O0010,1.8,4.7
correo007,G014,N025,O011,0.3,0.4
correo007,G014,N025,O012,0.8,2.2
correo007,G014,N025,O013,2,2.4
correo008,G014,N26,O001,4.6,4.6
correo008,G014,N26,O002,0.6,1.2
correo008,G014,N26,O003,0.3,1.8
correo008,G014,N26,O004,2.6,4.7
correo008,G014,N26,O005,2.1,3.2
correo008,G014,N26,O006,0.6,1.2
correo008,G014,N26,O007,0.3,0.7
correo008,G014,N26,O008,0.3,0.6
correo008,G014,N26,O009,0,0.1
correo008,G014,N26,O0010,1,1.9
correo008,G014,N26,O011,0.4,1.1
correo008,G014,N26,O012,0.1,2.9
correo008,G014,N26,O013,0.2,1.2
correo011,G014,N014,O001,1,1.7
correo011,G014,N014,O002,1,1.6
correo011,G014,N014,O003,2,2.4
correo011,G014,N014,O004,1.5,3
correo011,G014,N014,O005,4,4.5
correo011,G014,N014,O006,3.7,3.8
correo011,G014,N014,O007,1.1,3.6
correo011,G014,N014,O008,0,2.8
correo011,G014,N014,O009,0.4,0.6
correo011,G014,N014,O0010,4.1,4.7
correo011,G014,N014,O011,3.7,4.2
correo011,G014,N014,O012,1.2,1.4
correo011,G014,N014,O013,0.7,4
correo012,G014,N025,O001,0.1,0.5
correo012,G014,N025,O002,0,1.2
correo012,G014,N025,O003,2.1,2.6
correo012,G014,N025,O004,2.5,3
correo012,G014,N025,O005,0.8,1.4
correo012,G014,N025,O006,3.6,4.7
correo012,G014,N025,O007,0.6,0.6
correo012,G014,N025,O008,0,4.5
correo012,G014,N025,O009,1.3,1.4
correo012,G014,N025,O0010,1.9,4.6
correo012,G014,N025,O011,3.5,3.9
correo012,G014,N025,O012,1,2.7
correo012,G014,N025,O013,1.4,2.6
correo014,G014,N26,O001,0,0
correo014,G014,N26,O002,0.3,1.4
correo014,G014,N26,O003,0.1,0.4
correo014,G014,N26,O004,1,3
correo014,G014,N26,O005,2.5,3.7
correo014,G014,N26,O006,1.5,4.7
correo014,G014,N26,O007,0.3,1.9
correo014,G014,N26,O008,0,3.3
correo014,G014,N26,O009,1,4.4
correo014,G014,N26,O0010,1.1,4.3
correo014,G014,N26,O011,1,1.3
correo014,G014,N26,O012,4.2,4.4
correo014,G014,N26,O013,1.5,2.4
correo015,G014,N014,O001,0,2.7
correo015,G014,N014,O002,0.1,0.3
correo015,G014,N014,O003,0,0
correo015,G014,N014,O004,0.5,2
correo015,G014,N014,O005,0.6,1.3
correo015,G014,N014,O006,0.2,4.7
correo015,G014,N014,O007,3.5,4.3
correo015,G014,N014,O008,4.3,4.9
correo015,G014,N014,O009,4.1,4.8
correo015,G014,N014,O0010,0.8,0.9
correo015,G014,N014,O011,1.7,2.3
correo015,G014,N014,O012,3.5,4.7
correo015,G014,N014,O013,0.3,1.1
correo020,G014,N025,O001,0.4,0.7
correo020,G014,N025,O002,0.5,1.1
correo020,G014,N025,O003,0.7,1.5
correo020,G014,N025,O004,0.1,2.6
correo020,G014,N025,O005,0.1,1.8
correo020,G014,N025,O006,2.6,4.4
correo020,G014,N025,O007,0.6,1
correo020,G014,N025,O008,1.4,1.8
correo020,G014,N025,O009,1.3,3.2
correo020,G014,N025,O0010,0.8,3.4
correo020,G014,N025,O011,3,3
correo020,G014,N025,O012,0.8,4.2
correo020,G014,N025,O013,1.8,4.1
correo022,G014,N26,O001,1,1.2
correo022,G014,N26,O002,0.3,1.9
correo022,G014,N26,O003,2.5,4.7
correo022,G014,N26,O004,0.6,0.6
correo022,G014,N26,O005,0,2.2
correo022,G014,N26,O006,2.4,2.6
correo022,G014,N26,O007,1.1,3
correo022,G014,N26,O008,0,0.4
correo022,G014,N26,O009,1.6,1.7
correo022,G014,N26,O0010,0.5,0.8
correo022,G014,N26,O011,0.1,2.6
correo022,G014,N26,O012,0.3,2.3
correo022,G014,N26,O013,0.5,0.5
correo024,G014,N014,O001,2.8,3.6
correo024,G014,N014,O002,0.5,3.2
correo024,G014,N014,O003,0.3,2
correo024,G014,N014,O004,0.7,0.8
correo024,G014,N014,O005,1.1,1.1
correo024,G014,N014,O006,0.1,3
correo024,G014,N014,O007,0.2,1.6
correo024,G014,N014,O008,0.7,1.8
correo024,G014,N014,O009,0.8,1.7
correo024,G014,N014,O0010,1.3,3.7
correo024,G014,N014,O011,3.7,3.7
correo024,G014,N014,O012,4.5,4.9
correo024,G014,N014,O013,3.3,4.4
correo027,G014,N025,O001,0.8,4.4
correo027,G014,N025,O002,0.3,0.4
correo027,G014,N025,O003,1.1,1.2
correo027,G014,N025,O004,0,0.1
correo027,G014,N025,O005,0.7,2.7
correo027,G014,N025,O006,1.3,3.9
correo027,G014,N025,O007,0.1,0.1
correo027,G014,N025,O008,1.9,3.1
correo027,G014,N025,O009,2.1,2.8
correo027,G014,N025,O0010,1.6,4.7
correo027,G014,N025,O011,2.9,3.1
correo027,G014,N025,O012,2.4,3.4
correo027,G014,N025,O013,1.4,4.3
correo029,G014,N26,O001,1.4,3
correo029,G014,N26,O002,0.8,0.8
correo029,G014,N26,O003,0,0
correo029,G014,N26,O004,0,0.5
correo029,G014,N26,O005,1.3,2.9
correo029,G014,N26,O006,1.7,4.9
correo029,G014,N26,O007,1.5,1.9
correo029,G014,N26,O008,0.6,3
correo029,G014,N26,O009,1.7,2.9
correo029,G014,N26,O0010,2.7,3.2
correo029,G014,N26,O011,3.8,4.7
correo029,G014,N26,O012,0.2,4.7
correo029,G014,N26,O013,0.1,4.5
correo031,G014,N014,O001,0.5,3.7
correo031,G014,N014,O002,2.7,4.7
correo031,G014,N014,O003,1.5,2
correo031,G014,N014,O004,0.8,1.9
correo031,G014,N014,O005,4.3,4.5
correo031,G014,N014,O006,1.1,2.3
correo031,G014,N014,O007,2.5,4.1
correo031,G014,N014,O008,1.3,4.2
correo031,G014,N014,O009,0.8,1.2
correo031,G014,N014,O0010,2,4.4
correo031,G014,N014,O011,0.2,2.2
correo031,G014,N014,O012,1.4,3
correo031,G014,N014,O013,1.2,1.7
correo033,G014,N025,O001,2.1,2.9
correo033,G014,N025,O002,2.1,3.4
correo033,G014,N025,O003,0.2,2.9
correo033,G014,N025,O004,2.3,4.7
correo033,G014,N025,O005,3.3,3.3
correo033,G014,N025,O006,0.3,0.8
correo033,G014,N025,O007,1.8,2.1
correo033,G014,N025,O008,0.2,2.6
correo033,G014,N025,O009,2.2,4
correo033,G014,N025,O0010,1.4,3
correo033,G014,N025,O011,4.2,4.9
correo033,G014,N025,O012,1.1,1.3
correo033,G014,N025,O013,0.2,0.7
correo035,G014,N26,O001,0.7,3
correo035,G014,N26,O002,2.4,3.6
correo035,G014,N26,O003,2.5,3.5
correo035,G014,N26,O004,0.2,0.2
correo035,G014,N26,O005,4,4.6
correo035,G014,N26,O006,0.1,3.7
correo035,G014,N26,O007,0.2,0.2
correo035,G014,N26,O008,0.9,1.2
correo035,G014,N26,O009,0.9,1.3
correo035,G014,N26,O0010,0,0.1
correo035,G014,N26,O011,3.3,3.3
correo035,G014,N26,O012,1.4,2.1
correo035,G014,N26,O013,1.1,3.7
correo038,G014,N014,O001,0.7,1.6
correo038,G014,N014,O002,2.6,4.3
correo038,G014,N014,O003,0,0
correo038,G014,N014,O004,1.3,3.4
correo038,G014,N014,O005,0.1,2.3
correo038,G014,N014,O006,2.1,3.7
correo038,G014,N014,O007,2.9,4.7
correo038,G014,N014,O008,0,0
correo038,G014,N014,O009,0,0.9
correo038,G014,N014,O0010,1.8,4.6
correo038,G014,N014,O011,1.2,2.2
correo038,G014,N014,O012,0.1,0.1
correo038,G014,N014,O013,2.3,3.8
correo042,G014,N025,O001,0.7,1.7
correo042,G014,N025,O002,0.1,1.4
correo042,G014,N025,O003,2.2,4.9
correo042,G014,N025,O004,1.6,2.7
correo042,G014,N025,O005,1.3,1.7
correo042,G014,N025,O006,0.3,4.5
correo042,G014,N025,O007,2.3,2.9
correo042,G014,N025,O008,1.3,3.7
correo042,G014,N025,O009,1.4,2.5
correo042,G014,N025,O0010,0.5,3.3
correo042,G014,N025,O011,0.9,2.9
correo042,G014,N025,O012,2.3,4.8
correo042,G014,N025,O013,0,0.3
correo045,G014,N26,O001,1.4,1.9
correo045,G014,N26,O002,1.8,2.2
correo045,G014,N26,O003,1.6,2.4
correo045,G014,N26,O004,2.5,3.6
correo045,G014,N26,O005,2.7,3.3
correo045,G014,N26,O006,4,4.7
correo045,G014,N26,O007,1.1,1.3
correo045,G014,N26,O008,1.5,4.5
correo045,G014,N26,O009,0.2,0.2
correo045,G014,N26,O0010,2.7,4.8
correo045,G014,N26,O011,1.6,2.2
correo045,G014,N26,O012,4,4.8
correo045,G014,N26,O013,1.1,4.2
correo048,G014,N014,O001,0.6,0.8
correo048,G014,N014,O002,1.6,3.2
correo048,G014,N014,O003,0.8,1.8
correo048,G014,N014,O004,1.6,2.2
correo048,G014,N014,O005,2.1,3
correo048,G014,N014,O006,2.1,2.7
correo048,G014,N014,O007,0.7,0.8
correo048,G014,N014,O008,2.5,3.1
correo048,G014,N014,O009,3.3,4.8
correo048,G014,N014,O0010,0.9,4.2
correo048,G014,N014,O011,1.6,4.3
correo048,G014,N014,O012,0.9,1
correo048,G014,N014,O013,0,3.7
correo049,G014,N025,O001,3.2,4.8
correo049,G014,N025,O002,1,3.6
correo049,G014,N025,O003,0.3,1.2
correo049,G014,N025,O004,0,0
correo049,G014,N025,O005,1.9,1.9
correo049,G014,N025,O006,0.4,1.1
correo049,G014,N025,O007,0.7,2.3
correo049,G014,N025,O008,0.9,4
correo049,G014,N025,O009,1.3,3.3
correo049,G014,N025,O0010,0.1,0.8
correo049,G014,N025,O011,0,1.5
correo049,G014,N025,O012,0.1,0.7
correo049,G014,N025,O013,2.9,3.3
correo051,G014,N26,O001,0.3,4.9
correo051,G014,N26,O002,0.5,1.9
correo051,G014,N26,O003,3.8,4.6
correo051,G014,N26,O004,0.6,1.3
correo051,G014,N26,O005,1,1.1
correo051,G014,N26,O006,0.1,4.5
correo051,G014,N26,O007,2.2,3.7
correo051,G014,N26,O008,0,4.9
correo051,G014,N26,O009,0.1,0.6
correo051,G014,N26,O0010,4.6,4.9
correo051,G014,N26,O011,1.1,4.8
correo051,G014,N26,O012,1.6,3.8
correo051,G014,N26,O013,0,0.7
correo093,G014,N014,O001,0.9,1.7
correo093,G014,N014,O002,0,0.5
correo093,G014,N014,O003,4.3,4.7
correo093,G014,N014,O004,1.9,2.3
correo093,G014,N014,O005,0.3,0.4
correo093,G014,N014,O006,0.1,0.3
correo093,G014,N014,O007,0.1,0.4
correo093,G014,N014,O008,4.8,4.8
correo093,G014,N014,O009,2,2.5
correo093,G014,N014,O0010,0,1.9
correo093,G014,N014,O011,1.4,3.5
correo093,G014,N014,O012,0,3.4
correo093,G014,N014,O013,1.6,1.7
correo054,G014,N025,O001,0.3,0.4
correo054,G014,N025,O002,0.3,0.7
correo054,G014,N025,O003,0.5,1.3
correo054,G014,N025,O004,0.9,2.2
correo054,G014,N025,O005,0.3,2.7
correo054,G014,N025,O006,0,2.5
correo054,G014,N025,O007,0.6,1.2
correo054,G014,N025,O008,0.5,1.1
correo054,G014,N025,O009,1.8,2.4
correo054,G014,N025,O0010,0.5,0.8
correo054,G014,N025,O011,0.9,4.1
correo054,G014,N025,O012,0.4,0.8
correo054,G014,N025,O013,2.1,4.7
correo059,G014,N26,O001,4.2,4.7
correo059,G014,N26,O002,0.4,1.5
correo059,G014,N26,O003,1.4,1.6
correo059,G014,N26,O004,0,2
correo059,G014,N26,O005,3.2,4.3
correo059,G014,N26,O006,0.4,0.6
correo059,G014,N26,O007,0.2,0.2
correo059,G014,N26,O008,0.2,2.7
correo059,G014,N26,O009,1.1,1.8
correo059,G014,N26,O0010,0.1,0.2
correo059,G014,N26,O011,0.6,0.6
correo059,G014,N26,O012,1.6,3.6
correo059,G014,N26,O013,1.2,1.9
correo061,G014,N014,O001,0.1,1.3
correo061,G014,N014,O002,2.6,2.6
correo061,G014,N014,O003,0.4,1.8
correo061,G014,N014,O004,3.1,3.8
correo061,G014,N014,O005,0,0.8
correo061,G014,N014,O006,0.5,3
correo061,G014,N014,O007,0,0.5
correo061,G014,N014,O008,0.3,0.6
correo061,G014,N014,O009,1.4,1.5
correo061,G014,N014,O0010,0.1,0.1
correo061,G014,N014,O011,0.7,1.6
correo061,G014,N014,O012,0.1,0.1
correo061,G014,N014,O013,0.1,2
correo062,G014,N025,O001,3.8,4.1
correo062,G014,N025,O002,2,3.6
correo062,G014,N025,O003,0,0.1
correo062,G014,N025,O004,0.4,2.8
correo062,G014,N025,O005,0.3,4.6
correo062,G014,N025,O006,0.8,4.7
correo062,G014,N025,O007,0.6,0.8
correo062,G014,N025,O008,3.3,3.8
correo062,G014,N025,O009,4,4
correo062,G014,N025,O0010,1,1.4
correo062,G014,N025,O011,2.4,3.4
correo062,G014,N025,O012,0.1,0.7
correo062,G014,N025,O013,0.5,0.7
correo065,G014,N26,O001,1.2,4.4
correo065,G014,N26,O002,0,0
correo065,G014,N26,O003,0.6,3
correo065,G014,N26,O004,1.7,1.8
correo065,G014,N26,O005,0.4,0.6
correo065,G014,N26,O006,1.3,1.3
correo065,G014,N26,O007,0.3,3.7
correo065,G014,N26,O008,1.4,3.8
correo065,G014,N26,O009,1.7,3.1
correo065,G014,N26,O0010,1,1.4
correo065,G014,N26,O011,2.2,3.1
correo065,G014,N26,O012,1.1,4.3
correo065,G014,N26,O013,1.8,2.3
correo066,G014,N014,O001,0.3,1.1
correo066,G014,N014,O002,0,0.8
correo066,G014,N014,O003,0.9,3.8
correo066,G014,N014,O004,3.5,4.5
correo066,G014,N014,O005,1.2,4.4
correo066,G014,N014,O006,1.2,1.2
correo066,G014,N014,O007,0.8,2.7
correo066,G014,N014,O008,2,3.3
correo066,G014,N014,O009,3.6,4.1
correo066,G014,N014,O0010,3,3.2
correo066,G014,N014,O011,0.2,0.4
correo066,G014,N014,O012,0.7,3.6
correo066,G014,N014,O013,1.6,3.8
correo070,G014,N025,O001,2.7,4.7
correo070,G014,N025,O002,0,2.1
correo070,G014,N025,O003,1.6,3.5
correo070,G014,N025,O004,0.2,0.3
correo070,G014,N025,O005,0.6,1.6
correo070,G014,N025,O006,1.2,2.1
correo070,G014,N025,O007,3,3.4
correo070,G014,N025,O008,0.2,0.3
correo070,G014,N025,O009,0.6,4.1
correo070,G014,N025,O0010,0.6,3
correo070,G014,N025,O011,0.3,0.8
correo070,G014,N025,O012,0,2.1
correo070,G014,N025,O013,0.1,0.4
correo071,G014,N26,O001,1.3,4.1
correo071,G014,N26,O002,0.1,2.2
correo071,G014,N26,O003,3.2,4.5
correo071,G014,N26,O004,1.9,4.2
correo071,G014,N26,O005,2.7,4.2
correo071,G014,N26,O006,2.3,4.5
correo071,G014,N26,O007,2.1,3.2
correo071,G014,N26,O008,0.1,4.7
correo071,G014,N26,O009,2.7,4.8
correo071,G014,N26,O0010,1,1.4
correo071,G014,N26,O011,1.7,1.9
correo071,G014,N26,O012,2.8,2.8
correo071,G014,N26,O013,0.2,2.1
correo079,G014,N014,O001,1.2,3
correo079,G014,N014,O002,0,0.7
correo079,G014,N014,O003,0.3,0.9
correo079,G014,N014,O004,0.3,1.4
correo079,G014,N014,O005,0.1,0.1
correo079,G014,N014,O006,0.3,4
correo079,G014,N014,O007,2.5,3.1
correo079,G014,N014,O008,0.5,2.3
correo079,G014,N014,O009,0.4,0.4
correo079,G014,N014,O0010,0.2,4.8
correo079,G014,N014,O011,1.8,4.2
correo079,G014,N014,O012,1.8,2.1
correo079,G014,N014,O013,3.2,4.5
correo081,G014,N025,O001,1.5,3.5
correo081,G014,N025,O002,2.2,2.5
correo081,G014,N025,O003,3.3,4
correo081,G014,N025,O004,0,0
correo081,G014,N025,O005,0.5,2.6
correo081,G014,N025,O006,0.5,0.7
correo081,G014,N025,O007,2.6,4.2
correo081,G014,N025,O008,0.1,1.4
correo081,G014,N025,O009,1.9,3.7
correo081,G014,N025,O0010,0.2,0.3
correo081,G014,N025,O011,0.1,1
correo081,G014,N025,O012,1.5,1.6
correo081,G014,N025,O013,2.2,3
correo082,G014,N26,O001,0.3,2.6
correo082,G014,N26,O002,2.4,4.5
correo082,G014,N26,O003,0.8,1.5
correo082,G014,N26,O004,0.3,1.1
correo082,G014,N26,O005,0.7,1.6
correo082,G014,N26,O006,0,0.7
correo082,G014,N26,O007,0.4,3.2
correo082,G014,N26,O008,1.3,4.2
correo082,G014,N26,O009,0.8,3.6
correo082,G014,N26,O0010,0,0.1
correo082,G014,N26,O011,1,4.3
correo082,G014,N26,O012,0,4.2
correo082,G014,N26,O013,0,0
correo086,G014,N014,O001,0.4,3.9
correo086,G014,N014,O002,0.1,0.2
correo086,G014,N014,O003,2.5,3
correo086,G014,N014,O004,0,4.1
correo086,G014,N014,O005,0.2,0.2
correo086,G014,N014,O006,0.9,3.3
correo086,G014,N014,O007,0.3,1.1
correo086,G014,N014,O008,1.6,4.3
correo086,G014,N014,O009,4.2,4.7
correo086,G014,N014,O0010,0,0
correo086,G014,N014,O011,0.1,1.1
correo086,G014,N014,O012,1.4,3.4
correo086,G014,N014,O013,1.4,2.9
correo088,G014,N025,O001,3.4,3.6
correo088,G014,N025,O002,0.7,0.7
correo088,G014,N025,O003,1.4,2
correo088,G014,N025,O004,0.8,3.3
correo088,G014,N025,O005,2.6,4.7
correo088,G014,N025,O006,2.6,2.8
correo088,G014,N025,O007,2.9,4.4
correo088,G014,N025,O008,3.9,3.9
correo088,G014,N025,O009,0.1,0.2
correo088,G014,N025,O0010,3.5,4.1
correo088,G014,N025,O011,3.5,3.5
correo088,G014,N025,O012,0.4,3.2
correo088,G014,N025,O013,0.8,2.1
correo091,G014,N26,O001,2.3,2.3
correo091,G014,N26,O002,0.2,2.9
correo091,G014,N26,O003,2.4,3.9
correo091,G014,N26,O004,0.1,3
correo091,G014,N26,O005,2.2,3.7
correo091,G014,N26,O006,3,3.7
correo091,G014,N26,O007,2.4,2.4
correo091,G014,N26,O008,1.7,2.4
correo091,G014,N26,O009,0,0.3
correo091,G014,N26,O0010,0.9,1
correo091,G014,N26,O011,3.8,3.9
correo091,G014,N26,O012,1.7,2.3
correo091,G014,N26,O013,4.3,4.7
correo092,G014,N014,O001,0.3,0.6
correo092,G014,N014,O002,1.3,1.3
correo092,G014,N014,O003,1.3,2.3
correo092,G014,N014,O004,1.2,4
correo092,G014,N014,O005,3.5,4.3
correo092,G014,N014,O006,0.8,2
correo092,G014,N014,O007,1.4,3.2
correo092,G014,N014,O008,1.1,4.5
correo092,G014,N014,O009,0.3,0.3
correo092,G014,N014,O0010,0.3,3.4
correo092,G014,N014,O011,2.1,3.8
correo092,G014,N014,O012,0.4,0.9
correo092,G014,N014,O013,1.8,3.7
correo086,G008,N008,O014,2.6,3.5
correo086,G008,N008,O015,1.7,3.6
correo086,G008,N008,O016,0.3,3.5
correo086,G008,N008,O017,1,1.3
correo086,G008,N008,O018,1.1,3
correo046,G008,N023,O014,0,3.7
correo046,G008,N023,O015,1.3,1.7
correo046,G008,N023,O016,0.7,0.7
correo046,G008,N023,O017,2.7,3
correo046,G008,N023,O018,0.3,0.5
correo054,G008,N008,O014,0.7,2.5
correo054,G008,N008,O015,0.6,1
correo054,G008,N008,O016,0,0.1
correo054,G008,N008,O017,0.4,1.3
correo054,G008,N008,O018,2.6,4.3
correo050,G008,N023,O014,0.1,4
correo050,G008,N023,O015,2,4.5
correo050,G008,N023,O016,2.9,4.7
correo050,G008,N023,O017,0.7,1.5
correo050,G008,N023,O018,0.2,0.2
correo031,G008,N008,O014,2.1,4.3
correo031,G008,N008,O015,0.1,3
correo031,G008,N008,O016,1.7,3.9
correo031,G008,N008,O017,0.4,1.2
correo031,G008,N008,O018,1.6,2.5
correo071,G008,N023,O014,0.6,3.9
correo071,G008,N023,O015,0,0.1
correo071,G008,N023,O016,0.4,1.1
correo071,G008,N023,O017,1.3,3.4
correo071,G008,N023,O018,0.3,2.7
correo034,G008,N008,O014,0.6,2.1
correo034,G008,N008,O015,2.2,4.3
correo034,G008,N008,O016,3.4,3.7
correo034,G008,N008,O017,0,0.7
correo034,G008,N008,O018,0.4,2.9
correo095,G008,N023,O014,2.5,4.6
correo095,G008,N023,O015,0.6,2.8
correo095,G008,N023,O016,1.8,2.9
correo095,G008,N023,O017,0.7,2.8
correo095,G008,N023,O018,3,3.5
correo051,G008,N008,O014,2.9,2.9
correo051,G008,N008,O015,0,4.2
correo051,G008,N008,O016,0.3,1.5
correo051,G008,N008,O017,3,3.8
correo051,G008,N008,O018,1.9,1.9
correo048,G008,N023,O014,4.1,4.8
correo048,G008,N023,O015,1.4,4.2
correo048,G008,N023,O016,2.6,3.9
correo048,G008,N023,O017,0,0.3
correo048,G008,N023,O018,1.3,4.7
correo023,G008,N008,O014,0.6,1
correo023,G008,N008,O015,0.1,1.6
correo023,G008,N008,O016,1.3,4.5
correo023,G008,N008,O017,0.3,2.3
correo023,G008,N008,O018,1.1,2
correo026,G008,N023,O014,3,3.5
correo026,G008,N023,O015,2.3,2.8
correo026,G008,N023,O016,0.2,0.6
correo026,G008,N023,O017,2.3,4.8
correo026,G008,N023,O018,1.8,4.2
correo022,G008,N008,O014,0.8,4.4
correo022,G008,N008,O015,0,2.1
correo022,G008,N008,O016,3.3,4.4
correo022,G008,N008,O017,0,3.5
correo022,G008,N008,O018,1.1,1.4
correo045,G008,N023,O014,0,0
correo045,G008,N023,O015,0.8,0.8
correo045,G008,N023,O016,0.5,2.3
correo045,G008,N023,O017,0.4,0.9
correo045,G008,N023,O018,1.2,3.1
correo007,G008,N008,O014,3,3.5
correo007,G008,N008,O015,3.8,4.6
correo007,G008,N008,O016,0,2
correo007,G008,N008,O017,0,0.3
correo007,G008,N008,O018,0.2,0.4
correo063,G008,N023,O014,1.1,1.8
correo063,G008,N023,O015,3.7,3.9
correo063,G008,N023,O016,2.2,2.8
correo063,G008,N023,O017,0.9,2.9
correo063,G008,N023,O018,1.3,3.4
correo014,G008,N008,O014,0.1,3.7
correo014,G008,N008,O015,0.2,0.7
correo014,G008,N008,O016,1.9,4.1
correo014,G008,N008,O017,0.9,1.8
correo014,G008,N008,O018,0,0.1
correo029,G008,N023,O014,1.5,3
correo029,G008,N023,O015,1.7,1.7
correo029,G008,N023,O016,2.5,4.5
correo029,G008,N023,O017,2.5,2.8
correo029,G008,N023,O018,0.6,1.5
correo006,G008,N017,O019,2.1,3.6
correo006,G008,N017,O020,0.1,0.1
correo006,G008,N017,O021,1.7,3.7
correo006,G008,N017,O022,0,0.1
correo006,G008,N017,O023,1.7,2.5
correo029,G008,N017,O019,0,0.4
correo029,G008,N017,O020,1.7,3
correo029,G008,N017,O021,0.5,2
correo029,G008,N017,O022,1.1,1.9
correo029,G008,N017,O023,3.2,3.5
correo030,G008,N017,O019,1.9,3.6
correo030,G008,N017,O020,0.5,0.5
correo030,G008,N017,O021,2.6,3.4
correo030,G008,N017,O022,1,1.3
correo030,G008,N017,O023,1.8,2.7
correo091,G008,N017,O019,3.7,3.7
correo091,G008,N017,O020,0.1,0.3
correo091,G008,N017,O021,1.1,1.4
correo091,G008,N017,O022,0.3,3.3
correo091,G008,N017,O023,0.9,0.9
correo014,G008,N017,O019,0.9,1.2
correo014,G008,N017,O020,0.7,2.9
correo014,G008,N017,O021,0.5,0.9
correo014,G008,N017,O022,1.4,3.2
correo014,G008,N017,O023,0.8,1.7
correo011,G008,N017,O019,1.1,2
correo011,G008,N017,O020,3,3
correo011,G008,N017,O021,2.3,2.5
correo011,G008,N017,O022,1,3.5
correo011,G008,N017,O023,0.1,0.2
correo027,G008,N017,O019,1,3.5
correo027,G008,N017,O020,2,2.9
correo027,G008,N017,O021,0.9,1.1
correo027,G008,N017,O022,0.7,1.6
correo027,G008,N017,O023,0.7,1.8
correo010,G018,N018,O024,1,3.9
correo010,G018,N018,O025,2.2,3.5
correo010,G018,N018,O026,3,3.4
correo010,G018,N018,O027,1.6,3.6
correo010,G018,N018,O028,3.6,3.7
correo018,G018,N018,O024,1,1
correo018,G018,N018,O025,0.2,1.2
correo018,G018,N018,O026,0.6,1.3
correo018,G018,N018,O027,0.8,1
correo018,G018,N018,O028,1.6,2.4
correo024,G018,N018,O024,0.8,1.8
correo024,G018,N018,O025,0,0.4
correo024,G018,N018,O026,0.7,0.9
correo024,G018,N018,O027,2.1,2.1
correo024,G018,N018,O028,0,0.7
correo033,G018,N018,O024,0.7,0.9
correo033,G018,N018,O025,0.1,0.2
correo033,G018,N018,O026,0.7,3.3
correo033,G018,N018,O027,1,1.8
correo033,G018,N018,O028,0.5,1.7
correo045,G018,N018,O024,0.7,3.3
correo045,G018,N018,O025,0.1,1.4
correo045,G018,N018,O026,1.4,1.4
correo045,G018,N018,O027,0.4,2.5
correo045,G018,N018,O028,1.3,1.6
correo046,G018,N018,O024,0.3,0.5
correo046,G018,N018,O025,0,0
correo046,G018,N018,O026,1.8,2.1
correo046,G018,N018,O027,1.5,3.7
correo046,G018,N018,O028,0.1,0.3
correo051,G018,N018,O024,3.1,3.4
correo051,G018,N018,O025,1.9,2.3
correo051,G018,N018,O026,1.4,3
correo051,G018,N018,O027,0.3,2.9
correo051,G018,N018,O028,2,3.3
correo056,G018,N018,O024,0,0
correo056,G018,N018,O025,1.3,2.2
correo056,G018,N018,O026,0.7,1.2
correo056,G018,N018,O027,3.7,3.7
correo056,G018,N018,O028,2.1,3.2
correo061,G018,N018,O024,3.5,3.5
correo061,G018,N018,O025,0.1,3
correo061,G018,N018,O026,0.7,3.6
correo061,G018,N018,O027,1.6,3.1
correo061,G018,N018,O028,2.5,3.2
correo065,G018,N018,O024,1.2,2.1
correo065,G018,N018,O025,1.3,3.2
correo065,G018,N018,O026,3.5,3.5
correo065,G018,N018,O027,1.2,2.7
correo065,G018,N018,O028,0.2,0.6
correo075,G018,N018,O024,3.3,3.9
correo075,G018,N018,O025,1.3,2.3
correo075,G018,N018,O026,1.6,3.2
correo075,G018,N018,O027,0.7,3.4
correo075,G018,N018,O028,0.7,2.5
correo078,G018,N018,O024,0.8,1.2
correo078,G018,N018,O025,0.5,2.4
correo078,G018,N018,O026,0,0.9
correo078,G018,N018,O027,0,0
correo078,G018,N018,O028,1.8,2.2
correo083,G018,N018,O024,1.2,1.3
correo083,G018,N018,O025,1.9,2.3
correo083,G018,N018,O026,0.2,1
correo083,G018,N018,O027,2.1,3.4
correo083,G018,N018,O028,0,0.3
correo085,G018,N018,O024,2,3
correo085,G018,N018,O025,0.3,0.5
correo085,G018,N018,O026,0.2,0.2
correo085,G018,N018,O027,1.4,3.3
correo085,G018,N018,O028,0.3,3.9
correo096,G018,N018,O024,0.5,1.2
correo096,G018,N018,O025,0.6,0.6
correo096,G018,N018,O026,2.3,3.2
correo096,G018,N018,O027,0.6,1.3
correo096,G018,N018,O028,0.1,0.8
correo101,G018,N018,O024,0.1,0.1
correo101,G018,N018,O025,0.2,3.2
correo101,G018,N018,O026,1.8,3.7
correo101,G018,N018,O027,1.4,1.4
correo101,G018,N018,O028,0.2,0.5
correo102,G018,N018,O024,0.4,0.8
correo102,G018,N018,O025,0.4,2.1
correo102,G018,N018,O026,2.7,3.1
correo102,G018,N018,O027,1.1,1.5
correo102,G018,N018,O028,0.6,1.7
correo012,G005,N005,O029,0.3,0.5
correo012,G005,N005,O030,1.6,2.4
correo012,G005,N005,O031,0,0.6
correo012,G005,N005,O032,2.7,3.3
correo012,G005,N005,O033,0.4,1.2
correo092,G005,N005,O029,0,0.4
correo092,G005,N005,O030,3.8,3.9
correo092,G005,N005,O031,1,1.5
correo092,G005,N005,O032,0.2,2.1
correo092,G005,N005,O033,0,1.3
correo022,G005,N005,O029,0.1,0.4
correo022,G005,N005,O030,3.5,3.6
correo022,G005,N005,O031,0.1,2.2
correo022,G005,N005,O032,0.4,0.7
correo022,G005,N005,O033,0.6,2.8
correo066,G005,N005,O029,1,3.1
correo066,G005,N005,O030,2,3.1
correo066,G005,N005,O031,0.2,1.5
correo066,G005,N005,O032,0,0
correo066,G005,N005,O033,0.6,1.8
correo045,G005,N005,O029,0.3,0.8
correo045,G005,N005,O030,0.4,3.5
correo045,G005,N005,O031,0.1,0.1
correo045,G005,N005,O032,0.4,1
correo045,G005,N005,O033,0.1,0.1
correo088,G005,N005,O029,0,3.4
correo088,G005,N005,O030,0.4,2.9
correo088,G005,N005,O031,1.9,3.6
correo088,G005,N005,O032,2.6,3.5
correo088,G005,N005,O033,0.5,3.7
correo006,G005,N005,O029,0.5,0.9
correo006,G005,N005,O030,1.4,2.4
correo006,G005,N005,O031,0.4,0.4
correo006,G005,N005,O032,0.9,2.8
correo006,G005,N005,O033,2.8,3.1
correo029,G005,N005,O029,0,0.2
correo029,G005,N005,O030,0.5,0.8
correo029,G005,N005,O031,0,1.1
correo029,G005,N005,O032,0,1.4
correo029,G005,N005,O033,0,3.2
correo014,G005,N005,O029,2.1,2.6
correo014,G005,N005,O030,1,3.8
correo014,G005,N005,O031,0,0
correo014,G005,N005,O032,1.2,1.3
correo014,G005,N005,O033,0.1,2.9
correo011,G005,N005,O029,1.1,1.2
correo011,G005,N005,O030,0.1,0.1
correo011,G005,N005,O031,2.6,3.4
correo011,G005,N005,O032,0.7,1
correo011,G005,N005,O033,0.4,1.9
correo027,G005,N005,O029,0.6,2.2
correo027,G005,N005,O030,0,0.4
correo027,G005,N005,O031,1.2,1.5
correo027,G005,N005,O032,1.6,2.7
correo027,G005,N005,O033,2.6,3.2
correo002,G007,N007,O034,0.2,1
correo002,G007,N007,O035,2.5,3.1
correo002,G007,N007,O036,0.4,0.4
correo002,G007,N007,O037,0.4,0.4
correo002,G007,N007,O038,0.4,2.2
correo005,G007,N007,O034,1.4,3.6
correo005,G007,N007,O035,0.3,0.9
correo005,G007,N007,O036,0.3,2.3
correo005,G007,N007,O037,1,1.9
correo005,G007,N007,O038,0.4,0.7
correo025,G007,N007,O034,2,2.1
correo025,G007,N007,O035,1.5,1.6
correo025,G007,N007,O036,0.3,0.5
correo025,G007,N007,O037,0.7,1.9
correo025,G007,N007,O038,0.2,1.2
correo040,G007,N007,O034,1,1.4
correo040,G007,N007,O035,1.6,2.4
correo040,G007,N007,O036,1.6,2.6
correo040,G007,N007,O037,1.7,2.2
correo040,G007,N007,O038,0.8,2.2
correo043,G007,N007,O034,0.1,0.3
correo043,G007,N007,O035,0.1,1.5
correo043,G007,N007,O036,0.2,2.9
correo043,G007,N007,O037,2.1,2.4
correo043,G007,N007,O038,1.6,2.8
correo044,G007,N007,O034,1.2,2.3
correo044,G007,N007,O035,0.7,1.2
correo044,G007,N007,O036,0.2,2.7
correo044,G007,N007,O037,2.1,2.1
correo044,G007,N007,O038,1.7,2.4
correo055,G007,N007,O034,0.4,1.2
correo055,G007,N007,O035,3,3.7
correo055,G007,N007,O036,1.5,2.1
correo055,G007,N007,O037,2.4,2.5
correo055,G007,N007,O038,0.4,1.6
correo056,G007,N007,O034,0.3,3.2
correo056,G007,N007,O035,0,0.3
correo056,G007,N007,O036,1.6,2.4
correo056,G007,N007,O037,3,3.8
correo056,G007,N007,O038,0.3,1.5
correo067,G007,N007,O034,0.9,3.5
correo067,G007,N007,O035,2.3,2.5
correo067,G007,N007,O036,2.4,3.3
correo067,G007,N007,O037,0.5,0.6
correo067,G007,N007,O038,2.2,3.5
correo078,G007,N007,O034,0.1,0.1
correo078,G007,N007,O035,0.6,0.9
correo078,G007,N007,O036,1.6,2.7
correo078,G007,N007,O037,0.9,2.2
correo078,G007,N007,O038,1.6,1.9
correo089,G007,N007,O034,1,2.3
correo089,G007,N007,O035,0.6,3
correo089,G007,N007,O036,2.2,2.4
correo089,G007,N007,O037,0.1,0.1
correo089,G007,N007,O038,0.2,1.6
correo090,G007,N007,O034,1.1,1.7
correo090,G007,N007,O035,1.1,2.9
correo090,G007,N007,O036,0,0
correo090,G007,N007,O037,1.5,3.6
correo090,G007,N007,O038,1.4,1.4
correo098,G007,N007,O034,0.6,1.7
correo098,G007,N007,O035,0.2,0.2
correo098,G007,N007,O036,1.3,2.3
correo098,G007,N007,O037,0.5,2.6
correo098,G007,N007,O038,0.2,2.3
correo094,G007,N007,O034,0.4,0.4
correo094,G007,N007,O035,1,1.5
correo094,G007,N007,O036,0,2.2
correo094,G007,N007,O037,0.2,1.7
correo094,G007,N007,O038,0.5,0.7
correo077,G007,N007,O034,0.1,0.4
correo077,G007,N007,O035,1.5,1.7
correo077,G007,N007,O036,1.5,1.5
correo077,G007,N007,O037,0.7,3
correo077,G007,N007,O038,2,2.7
correo076,G007,N007,O034,0.1,0.9
correo076,G007,N007,O035,2.1,3.4
correo076,G007,N007,O036,0,0.4
correo076,G007,N007,O037,0.1,0.2
correo076,G007,N007,O038,1.2,2.7
correo096,G007,N007,O034,2.7,3.4
correo096,G007,N007,O035,1.3,1.3
correo096,G007,N007,O036,0,0.4
correo096,G007,N007,O037,0.7,3.2
correo096,G007,N007,O038,1.3,3
correo060,G007,N007,O034,2.3,2.3
correo060,G007,N007,O035,2.1,2.3
correo060,G007,N007,O036,0,0.1
correo060,G007,N007,O037,0.9,1.2
correo060,G007,N007,O038,0.3,2.5
correo013,G007,N007,O034,1,2.6
correo013,G007,N007,O035,0.2,1.1
correo013,G007,N007,O036,1.4,3.8
correo013,G007,N007,O037,1.6,2.2
correo013,G007,N007,O038,1.2,1.4
correo057,G007,N007,O034,0.1,2.8
correo057,G007,N007,O035,1.9,3.5
correo057,G007,N007,O036,1,3.3
correo057,G007,N007,O037,1.1,2.3
correo057,G007,N007,O038,0.7,2.6
correo099,G007,N007,O034,1.1,1.1
correo099,G007,N007,O035,2.5,2.5
correo099,G007,N007,O036,1.9,3.3
correo099,G007,N007,O037,0.8,2.2
correo099,G007,N007,O038,0.7,1.7
correo003,G016,N016,O039,0.1,1.5
correo003,G016,N016,O040,1.3,3.2
correo003,G016,N016,O041,0.5,1
correo003,G016,N016,O042,0,2.1
correo003,G016,N016,O043,2,2.4
correo027,G016,N016,O039,0.2,1.7
correo027,G016,N016,O040,0.1,1.6
correo027,G016,N016,O041,1.7,3.2
correo027,G016,N016,O042,0.7,1.6
correo027,G016,N016,O043,1,3.3
correo033,G016,N016,O039,0,0
correo033,G016,N016,O040,1.1,2.1
correo033,G016,N016,O041,2.3,3.2
correo033,G016,N016,O042,0.4,1.4
correo033,G016,N016,O043,0.3,0.5
correo062,G016,N016,O039,0.4,0.5
correo062,G016,N016,O040,0,2.4
correo062,G016,N016,O041,0.8,1.8
correo062,G016,N016,O042,0.1,0.5
correo062,G016,N016,O043,2,3.4
correo014,G016,N016,O039,0.2,1.2
correo014,G016,N016,O040,0.6,2.1
correo014,G016,N016,O041,0.5,0.5
correo014,G016,N016,O042,0.3,3.6
correo014,G016,N016,O043,0,0.2
correo011,G016,N016,O039,0.3,0.3
correo011,G016,N016,O040,3.2,3.5
correo011,G016,N016,O041,0,0.2
correo011,G016,N016,O042,0.8,1.4
correo011,G016,N016,O043,0.8,1.4
correo002,G016,N016,O039,0.8,1
correo002,G016,N016,O040,0.6,1.2
correo002,G016,N016,O041,0.8,1.3
correo002,G016,N016,O042,0.4,1.8
correo002,G016,N016,O043,0.8,3.7
correo048,G006,N006,O044,0.7,1.9
correo048,G006,N006,O045,0.3,3.7
correo048,G006,N006,O046,0.8,1.5
correo048,G006,N006,O047,0.3,0.6
correo048,G006,N006,O048,0.4,1.3
correo085,G006,N006,O044,0,3
correo085,G006,N006,O045,0.5,2
correo085,G006,N006,O046,0.2,1.6
correo085,G006,N006,O047,1.2,1.2
correo085,G006,N006,O048,1.8,2.8
correo016,G006,N006,O044,0.3,0.5
correo016,G006,N006,O045,0.3,0.6
correo016,G006,N006,O046,1.8,2.4
correo016,G006,N006,O047,0.4,1.3
correo016,G006,N006,O048,0.6,3.4
correo081,G006,N006,O044,1.7,2.3
correo081,G006,N006,O045,2.1,2.6
correo081,G006,N006,O046,0.4,3.5
correo081,G006,N006,O047,1.1,2.4
correo081,G006,N006,O048,0,0
correo053,G006,N006,O044,0.5,1
correo053,G006,N006,O045,0.7,0.9
correo053,G006,N006,O046,0.5,1.2
correo053,G006,N006,O047,0.4,0.5
correo053,G006,N006,O048,3.4,3.9
correo032,G006,N006,O044,0.2,0.7
correo032,G006,N006,O045,1.4,1.8
correo032,G006,N006,O046,0,0.3
correo032,G006,N006,O047,0.8,1.5
correo032,G006,N006,O048,0.2,0.3
correo060,G006,N006,O044,0.9,1.9
correo060,G006,N006,O045,1,1.2
correo060,G006,N006,O046,2.5,2.9
correo060,G006,N006,O047,0.1,0.1
correo060,G006,N006,O048,0.5,1.1
correo064,G006,N006,O044,1.5,2.4
correo064,G006,N006,O045,1.2,1.4
correo064,G006,N006,O046,0,0.9
correo064,G006,N006,O047,0,3.8
correo064,G006,N006,O048,2,2.7
correo083,G006,N006,O044,0.1,1.2
correo083,G006,N006,O045,1.1,1.7
correo083,G006,N006,O046,0.7,3.2
correo083,G006,N006,O047,1,1.4
correo083,G006,N006,O048,0.2,0.6
correo044,G015,N015,O049,0.4,3.7
correo044,G015,N015,O050,0.3,1.9
correo044,G015,N015,O051,0,0
correo044,G015,N015,O052,2.1,2.8
correo044,G015,N015,O053,1,1.8
correo063,G015,N015,O049,1.1,2.5
correo063,G015,N015,O050,0.1,0.1
correo063,G015,N015,O051,1.1,2
correo063,G015,N015,O052,0.1,0.8
correo063,G015,N015,O053,0.1,0.1
correo053,G015,N015,O049,0.8,1.5
correo053,G015,N015,O050,2,2
correo053,G015,N015,O051,0.8,0.8
correo053,G015,N015,O052,0.1,0.9
correo053,G015,N015,O053,1.9,3.3
correo036,G015,N015,O049,0.9,1.2
correo036,G015,N015,O050,3,3.8
correo036,G015,N015,O051,0.7,1.1
correo036,G015,N015,O052,1.3,2.2
correo036,G015,N015,O053,1.4,1.5
correo082,G015,N015,O049,0.5,3.8
correo082,G015,N015,O050,2.7,2.9
correo082,G015,N015,O051,0.8,0.9
correo082,G015,N015,O052,0.4,0.6
correo082,G015,N015,O053,0.8,3.4
correo025,G015,N015,O049,2.1,3
correo025,G015,N015,O050,0.8,1.2
correo025,G015,N015,O051,0.1,2.5
correo025,G015,N015,O052,1,2.9
correo025,G015,N015,O053,0,2.4
correo095,G015,N015,O049,1.5,3
correo095,G015,N015,O050,0.2,0.2
correo095,G015,N015,O051,0.1,0.3
correo095,G015,N015,O052,0.2,0.6
correo095,G015,N015,O053,1.2,2.8
correo055,G015,N015,O049,0.5,1.2
correo055,G015,N015,O050,1.7,2.2
correo055,G015,N015,O051,1,1.6
correo055,G015,N015,O052,0.2,0.9
correo055,G015,N015,O053,0.1,2.1
correo094,G015,N015,O049,1.5,3.7
correo094,G015,N015,O050,0.7,2.2
correo094,G015,N015,O051,0.1,0.5
correo094,G015,N015,O052,0.3,0.4
correo094,G015,N015,O053,1,1.4
correo056,G015,N015,O049,1.8,2.3
correo056,G015,N015,O050,2,3.5
correo056,G015,N015,O051,0.6,1.5
correo056,G015,N015,O052,2.9,3.5
correo056,G015,N015,O053,0.8,1.4
correo086,G015,N015,O049,0.1,1.6
correo086,G015,N015,O050,0,0
correo086,G015,N015,O051,1.4,2
correo086,G015,N015,O052,0,0.2
correo086,G015,N015,O053,2,2.1
correo078,G015,N015,O049,0,2
correo078,G015,N015,O050,0.2,3
correo078,G015,N015,O051,0.9,1.9
correo078,G015,N015,O052,0.8,1.9
correo078,G015,N015,O053,1.6,1.7
correo083,G015,N015,O049,0,0.2
correo083,G015,N015,O050,2.7,3
correo083,G015,N015,O051,0,0.3
correo083,G015,N015,O052,0.3,1.1
correo083,G015,N015,O053,0.6,0.9
correo005,G015,N015,O049,0.4,0.6
correo005,G015,N015,O050,0.3,0.3
correo005,G015,N015,O051,0.7,1
correo005,G015,N015,O052,2.3,3
correo005,G015,N015,O053,0.9,2.6
correo021,G015,N015,O049,0,1.6
correo021,G015,N015,O050,0.1,0.1
correo021,G015,N015,O051,2.4,3
correo021,G015,N015,O052,2.6,3.4
correo021,G015,N015,O053,1.4,2.1
correo097,G015,N015,O049,0.5,0.9
correo097,G015,N015,O050,0.2,0.5
correo097,G015,N015,O051,0.1,0.8
correo097,G015,N015,O052,1,1.8
correo097,G015,N015,O053,2.3,3.5
correo032,G015,N015,O049,1.5,1.9
correo032,G015,N015,O050,0.6,0.8
correo032,G015,N015,O051,1.8,2.9
correo032,G015,N015,O052,1.3,2.9
correo032,G015,N015,O053,0.2,2.9
correo090,G015,N015,O049,0.7,2.7
correo090,G015,N015,O050,0.3,1.5
correo090,G015,N015,O051,0.7,1
correo090,G015,N015,O052,0.4,0.6
correo090,G015,N015,O053,0.5,1.4
correo040,G015,N015,O049,2.6,2.8
correo040,G015,N015,O050,1,1.5
correo040,G015,N015,O051,0.3,3.1
correo040,G015,N015,O052,0.3,0.5
correo040,G015,N015,O053,0.5,3.4
correo015,G015,N015,O049,0.4,3.8
correo015,G015,N015,O050,0.1,0.8
correo015,G015,N015,O051,0.8,2.2
correo015,G015,N015,O052,0.1,0.7
correo015,G015,N015,O053,0,2.4
correo025,G001,N001,O054,0.5,1.1
correo025,G001,N001,O055,1.9,2.4
correo025,G001,N001,O056,1.5,3.9
correo025,G001,N001,O057,1.2,2
correo025,G001,N001,O058,0.7,1.7
correo063,G001,N002,O054,0,0.2
correo063,G001,N002,O055,1.3,1.4
correo063,G001,N002,O056,2.6,2.7
correo063,G001,N002,O057,0.1,0.6
correo063,G001,N002,O058,2.5,3.6
correo078,G001,N003,O054,0.3,0.7
correo078,G001,N003,O055,1,3.1
correo078,G001,N003,O056,0.5,2.2
correo078,G001,N003,O057,0.1,0.1
correo078,G001,N003,O058,0.2,0.5
correo090,G001,N004,O054,0.5,1.7
correo090,G001,N004,O055,0.3,0.4
correo090,G001,N004,O056,2.1,3.2
correo090,G001,N004,O057,0.2,3.4
correo090,G001,N004,O058,0.6,1.3
correo005,G001,N001,O054,1.9,2.1
correo005,G001,N001,O055,2.2,2.6
correo005,G001,N001,O056,0.9,1.1
correo005,G001,N001,O057,0.5,1.7
correo005,G001,N001,O058,0.7,1.7
correo039,G001,N002,O054,3.2,3.7
correo039,G001,N002,O055,2.3,2.6
correo039,G001,N002,O056,0.6,1.4
correo039,G001,N002,O057,0.9,1.3
correo039,G001,N002,O058,0.5,1.3
correo043,G001,N003,O054,0.8,1.8
correo043,G001,N003,O055,0.9,2.5
correo043,G001,N003,O056,3.2,3.3
correo043,G001,N003,O057,1.3,1.9
correo043,G001,N003,O058,0.1,0.4
correo051,G001,N004,O054,2.4,2.5
correo051,G001,N004,O055,0.6,1.7
correo051,G001,N004,O056,1.1,1.5
correo051,G001,N004,O057,0.4,0.8
correo051,G001,N004,O058,0.7,2
correo056,G001,N001,O054,3.9,3.9
correo056,G001,N001,O055,0.5,1.4
correo056,G001,N001,O056,0.9,1.3
correo056,G001,N001,O057,0.7,0.7
correo056,G001,N001,O058,0.2,0.8
correo082,G001,N002,O054,0.3,0.5
correo082,G001,N002,O055,0.8,1.3
correo082,G001,N002,O056,0.1,1
correo082,G001,N002,O057,2.4,2.4
correo082,G001,N002,O058,1.5,2.2
correo021,G001,N003,O054,0.4,2.6
correo021,G001,N003,O055,1.4,1.4
correo021,G001,N003,O056,2.1,2.1
correo021,G001,N003,O057,1.2,3.8
correo021,G001,N003,O058,0.4,0.7
correo046,G002,N001,O059,2.3,2.5
correo046,G002,N001,O060,0.2,0.9
correo046,G002,N001,O061,0.7,1
correo046,G002,N001,O062,1,3.7
correo046,G002,N001,O063,2.3,2.3
correo086,G002,N002,O059,0,0.6
correo086,G002,N002,O060,0.1,0.1
correo086,G002,N002,O061,1.6,2.9
correo086,G002,N002,O062,1.5,2.2
correo086,G002,N002,O063,1.3,1.6
correo002,G002,N003,O059,0.5,0.9
correo002,G002,N003,O060,1.6,2.9
correo002,G002,N003,O061,1.3,3.7
correo002,G002,N003,O062,3.4,3.4
correo002,G002,N003,O063,2.3,3.7
correo049,G002,N004,O059,0.4,1.1
correo049,G002,N004,O060,0.3,1
correo049,G002,N004,O061,0,2.4
correo049,G002,N004,O062,0.3,2.4
correo049,G002,N004,O063,2.2,3.1
correo054,G002,N001,O059,0,0.4
correo054,G002,N001,O060,0,1.1
correo054,G002,N001,O061,1.6,1.7
correo054,G002,N001,O062,0.7,1.2
correo054,G002,N001,O063,2.6,3.3
correo030,G002,N002,O059,0.9,2.9
correo030,G002,N002,O060,0.8,2.8
correo030,G002,N002,O061,1.6,1.9
correo030,G002,N002,O062,0.6,3.6
correo030,G002,N002,O063,0.7,1.2
correo050,G002,N003,O059,1.8,2.2
correo050,G002,N003,O060,1,3.9
correo050,G002,N003,O061,0.2,1.8
correo050,G002,N003,O062,0,0.3
correo050,G002,N003,O063,0.7,0.7
correo071,G002,N004,O059,1.5,2.9
correo071,G002,N004,O060,1.5,3
correo071,G002,N004,O061,0.5,1.6
correo071,G002,N004,O062,0.4,1.2
correo071,G002,N004,O063,0.7,0.7
correo079,G002,N001,O059,0.2,2.8
correo079,G002,N001,O060,1.5,1.5
correo079,G002,N001,O061,0.5,0.6
correo079,G002,N001,O062,0.8,3.8
correo079,G002,N001,O063,1.9,2.4
correo101,G002,N002,O059,1,3.3
correo101,G002,N002,O060,0.2,0.5
correo101,G002,N002,O061,0,0
correo101,G002,N002,O062,0.8,1
correo101,G002,N002,O063,1.1,1.8
correo024,G002,N003,O059,1.5,2.3
correo024,G002,N003,O060,1.6,3.2
correo024,G002,N003,O061,0.9,1.7
correo024,G002,N003,O062,0,0.6
correo024,G002,N003,O063,0,1.7
correo033,G003,N001,O064,0.9,2.7
correo033,G003,N001,O065,3.7,3.7
correo033,G003,N001,O066,0.1,0.1
correo033,G003,N001,O067,0.1,3.5
correo033,G003,N001,O068,1.6,1.6
correo018,G003,N002,O064,1.4,3
correo018,G003,N002,O065,0.8,3.6
correo018,G003,N002,O066,0.8,0.8
correo018,G003,N002,O067,1.2,3.9
correo018,G003,N002,O068,0.4,0.5
correo008,G003,N003,O064,0.4,0.7
correo008,G003,N003,O065,0.5,0.6
correo008,G003,N003,O066,1.3,2.5
correo008,G003,N003,O067,0.7,1.2
correo008,G003,N003,O068,1.2,2.5
correo037,G003,N004,O064,0.9,1.3
correo037,G003,N004,O065,2.5,3.7
correo037,G003,N004,O066,1.3,2.9
correo037,G003,N004,O067,0.3,0.4
correo037,G003,N004,O068,0.6,0.6
correo072,G003,N001,O064,2.8,3.1
correo072,G003,N001,O065,1.6,3.3
correo072,G003,N001,O066,1.4,2.2
correo072,G003,N001,O067,0.5,0.5
correo072,G003,N001,O068,1.9,2.1
correo078,G003,N002,O064,2.3,3.7
correo078,G003,N002,O065,2.2,3
correo078,G003,N002,O066,0.9,1
correo078,G003,N002,O067,1.4,1.6
correo078,G003,N002,O068,0.1,0.1
correo051,G003,N003,O064,0.1,0.7
correo051,G003,N003,O065,0,0.1
correo051,G003,N003,O066,2.5,2.7
correo051,G003,N003,O067,3.1,3.1
correo051,G003,N003,O068,1.3,1.5
correo081,G003,N004,O064,0.8,3.8
correo081,G003,N004,O065,0.5,3.5
correo081,G003,N004,O066,0.1,3.8
correo081,G003,N004,O067,1.1,1.4
correo081,G003,N004,O068,1.3,1.3
correo047,G003,N001,O064,1.8,3.9
correo047,G003,N001,O065,0,2.7
correo047,G003,N001,O066,2.9,3.3
correo047,G003,N001,O067,0,2.6
correo047,G003,N001,O068,2.2,2.9
correo049,G003,N002,O064,0,0.1
correo049,G003,N002,O065,0.1,2.7
correo049,G003,N002,O066,1.9,2.8
correo049,G003,N002,O067,0.6,1.4
correo049,G003,N002,O068,0,0.6
correo026,G003,N003,O064,0.2,2.3
correo026,G003,N003,O065,0.5,3.9
correo026,G003,N003,O066,1.4,1.4
correo026,G003,N003,O067,3.1,3.9
correo026,G003,N003,O068,1.7,3.6
correo028,G004,N001,O069,0.2,0.2
correo028,G004,N001,O070,0.6,3.7
correo028,G004,N001,O071,0.2,2.8
correo028,G004,N001,O072,1.8,2.6
correo028,G004,N001,O073,0.9,3.7
correo091,G004,N002,O069,0,0
correo091,G004,N002,O070,0.9,1.5
correo091,G004,N002,O071,0.1,0.3
correo091,G004,N002,O072,2.4,2.9
correo091,G004,N002,O073,0.3,0.4
correo014,G004,N003,O069,1.7,2.7
correo014,G004,N003,O070,2,2.5
correo014,G004,N003,O071,0.7,2.6
correo014,G004,N003,O072,0.3,0.4
correo014,G004,N003,O073,1.8,1.8
correo045,G004,N004,O069,1.2,2.9
correo045,G004,N004,O070,0,3.7
correo045,G004,N004,O071,0.1,0.6
correo045,G004,N004,O072,1,2.3
correo045,G004,N004,O073,1.7,2.5
correo053,G004,N001,O069,2.6,3.5
correo053,G004,N001,O070,0.8,2.5
correo053,G004,N001,O071,1.8,3.9
correo053,G004,N001,O072,0.2,0.9
correo053,G004,N001,O073,0.8,1.3
correo033,G004,N002,O069,1.2,1.2
correo033,G004,N002,O070,1.2,1.2
correo033,G004,N002,O071,1.1,1.2
correo033,G004,N002,O072,1,2
correo033,G004,N002,O073,1.4,2
correo075,G004,N003,O069,0.4,0.8
correo075,G004,N003,O070,2.3,3.2
correo075,G004,N003,O071,0.9,2
correo075,G004,N003,O072,0.9,3.8
correo075,G004,N003,O073,1.4,3.1
correo006,G004,N004,O069,1.2,1.2
correo006,G004,N004,O070,1.1,1.2
correo006,G004,N004,O071,1.7,2.3
correo006,G004,N004,O072,2.9,3.3
correo006,G004,N004,O073,1.9,2.5
correo059,G004,N001,O069,0,0.3
correo059,G004,N001,O070,1.3,2.3
correo059,G004,N001,O071,0.2,1
correo059,G004,N001,O072,0.4,1.4
correo059,G004,N001,O073,0.6,0.8
correo026,G004,N002,O069,1.6,2.6
correo026,G004,N002,O070,0,0.9
correo026,G004,N002,O071,0.8,3.7
correo026,G004,N002,O072,2.3,3.8
correo026,G004,N002,O073,0,1
correo010,G004,N003,O069,1.9,2.9
correo010,G004,N003,O070,0.1,0.3
correo010,G004,N003,O071,1.1,3.6
correo010,G004,N003,O072,3.5,3.5
correo010,G004,N003,O073,3.3,3.8
correo091,G019,N019,O074,0.4,1.9
correo091,G019,N019,O075,1.9,1.9
correo091,G019,N019,O076,2.3,2.4
correo091,G019,N019,O077,1.5,1.8
correo091,G019,N019,O078,1.2,2
correo062,G019,N019,O074,1,3.3
correo062,G019,N019,O075,1,1.5
correo062,G019,N019,O076,0.4,0.5
correo062,G019,N019,O077,0,0
correo062,G019,N019,O078,1.3,2.5
correo063,G019,N019,O074,0,0.6
correo063,G019,N019,O075,0.8,1.4
correo063,G019,N019,O076,2,2.3
correo063,G019,N019,O077,0.7,0.8
correo063,G019,N019,O078,2.6,3
correo014,G019,N019,O074,0.3,0.7
correo014,G019,N019,O075,0.6,1.9
correo014,G019,N019,O076,0.1,0.3
correo014,G019,N019,O077,1.7,2.4
correo014,G019,N019,O078,0.3,0.9
correo029,G019,N019,O074,0.9,1.8
correo029,G019,N019,O075,0.7,1.4
correo029,G019,N019,O076,0.1,1.7
correo029,G019,N019,O077,0.1,2.6
correo029,G019,N019,O078,0.5,0.6
correo020,G019,N019,O074,0.7,2
correo020,G019,N019,O075,0.2,1.9
correo020,G019,N019,O076,1.2,1.9
correo020,G019,N019,O077,1.2,1.8
correo020,G019,N019,O078,1.6,3.3
correo038,G019,N019,O074,0.5,3.2
correo038,G019,N019,O075,1.9,1.9
correo038,G019,N019,O076,0.1,0.2
correo038,G019,N019,O077,1.3,1.7
correo038,G019,N019,O078,1.5,3.9
correo040,G019,N019,O074,2,3.1
correo040,G019,N019,O075,0.8,2.6
correo040,G019,N019,O076,0.2,0.2
correo040,G019,N019,O077,0,1.1
correo040,G019,N019,O078,0.2,0.3
correo049,G019,N019,O074,1.2,2.8
correo049,G019,N019,O075,2.4,3.3
correo049,G019,N019,O076,3.6,3.9
correo049,G019,N019,O077,1.2,1.5
correo049,G019,N019,O078,0.4,0.6
correo001,G009,N009,O079,0.5,1.5
correo001,G009,N009,O080,1.7,3.4
correo001,G009,N009,O081,1,3.1
correo001,G009,N009,O082,1.2,2.3
correo001,G009,N009,O083,3.3,3.6
correo006,G009,N010,O079,2.1,2.8
correo006,G009,N010,O080,1.8,3.8
correo006,G009,N010,O081,0,0.1
correo006,G009,N010,O082,1.1,1.5
correo006,G009,N010,O083,0.9,0.9
correo007,G009,N020,O079,2.8,3.6
correo007,G009,N020,O080,1.3,1.6
correo007,G009,N020,O081,1.4,1.8
correo007,G009,N020,O082,0.4,1.8
correo007,G009,N020,O083,0.2,1.1
correo008,G009,N009,O079,2.6,2.7
correo008,G009,N009,O080,0.4,3.6
correo008,G009,N009,O081,0.6,1.2
correo008,G009,N009,O082,1.1,2.2
correo008,G009,N009,O083,1.3,2
correo009,G009,N010,O079,0.3,0.4
correo009,G009,N010,O080,1.3,3.5
correo009,G009,N010,O081,1.3,3.2
correo009,G009,N010,O082,1.6,3.2
correo009,G009,N010,O083,0.3,0.3
correo010,G009,N020,O079,0.6,0.9
correo010,G009,N020,O080,2.1,2.8
correo010,G009,N020,O081,2.3,3.4
correo010,G009,N020,O082,0.5,3.2
correo010,G009,N020,O083,0.3,0.9
correo011,G009,N009,O079,1.2,3.6
correo011,G009,N009,O080,0.6,1.6
correo011,G009,N009,O081,0.2,3.6
correo011,G009,N009,O082,2.3,3
correo011,G009,N009,O083,1.4,1.8
correo014,G009,N010,O079,2.3,2.9
correo014,G009,N010,O080,1.3,1.8
correo014,G009,N010,O081,0.4,0.7
correo014,G009,N010,O082,0.6,0.8
correo014,G009,N010,O083,1.2,3.8
correo015,G009,N020,O079,0.4,1.2
correo015,G009,N020,O080,2.6,3.7
correo015,G009,N020,O081,2.1,2.3
correo015,G009,N020,O082,3,3.1
correo015,G009,N020,O083,1.8,1.8
correo017,G009,N009,O079,0.1,2.9
correo017,G009,N009,O080,2.1,2.7
correo017,G009,N009,O081,0.1,0.8
correo017,G009,N009,O082,0,0.3
correo017,G009,N009,O083,0.7,3.1
correo018,G009,N010,O079,2,2.7
correo018,G009,N010,O080,2.4,3.1
correo018,G009,N010,O081,1.3,3.9
correo018,G009,N010,O082,0.4,1.8
correo018,G009,N010,O083,1.4,3.9
correo019,G009,N020,O079,0,0
correo019,G009,N020,O080,1.2,2.2
correo019,G009,N020,O081,0.7,3.4
correo019,G009,N020,O082,0.2,0.3
correo019,G009,N020,O083,2.1,2.5
correo020,G009,N009,O079,0,0
correo020,G009,N009,O080,0,0.6
correo020,G009,N009,O081,1.1,3.7
correo020,G009,N009,O082,0.4,0.4
correo020,G009,N009,O083,2,2.1
correo023,G009,N010,O079,0.2,0.2
correo023,G009,N010,O080,1.8,2.3
correo023,G009,N010,O081,2.8,3.2
correo023,G009,N010,O082,0,0
correo023,G009,N010,O083,0.7,2.2
correo024,G009,N020,O079,2,2.9
correo024,G009,N020,O080,1.3,3.7
correo024,G009,N020,O081,0.7,3.8
correo024,G009,N020,O082,2,3.5
correo024,G009,N020,O083,0.2,2
correo026,G009,N009,O079,2.4,2.5
correo026,G009,N009,O080,0.1,3.8
correo026,G009,N009,O081,1.4,2.7
correo026,G009,N009,O082,0.7,0.8
correo026,G009,N009,O083,0.4,2.9
correo027,G009,N010,O079,0,0.3
correo027,G009,N010,O080,0.2,0.7
correo027,G009,N010,O081,0.5,1.1
correo027,G009,N010,O082,0,2.4
correo027,G009,N010,O083,0.7,2
correo028,G009,N020,O079,0.1,1.2
correo028,G009,N020,O080,0.1,3.4
correo028,G009,N020,O081,0.2,0.3
correo028,G009,N020,O082,0.4,3.2
correo028,G009,N020,O083,0.2,0.8
correo029,G009,N009,O079,1.7,3.7
correo029,G009,N009,O080,2.3,2.7
correo029,G009,N009,O081,0.2,0.9
correo029,G009,N009,O082,0.1,0.1
correo029,G009,N009,O083,0.5,3.6
correo030,G009,N010,O079,0.4,1.1
correo030,G009,N010,O080,0.9,1.4
correo030,G009,N010,O081,0.2,0.2
correo030,G009,N010,O082,1.1,1.8
correo030,G009,N010,O083,0.8,3.9
correo031,G010,N009,O084,1.7,2
correo031,G010,N009,O085,1.6,2.9
correo031,G010,N009,O086,0.7,3.3
correo031,G010,N009,O087,0.5,1
correo031,G010,N009,O088,1.2,1.9
correo033,G010,N010,O084,2,2.2
correo033,G010,N010,O085,1.4,1.4
correo033,G010,N010,O086,1.9,2
correo033,G010,N010,O087,0,0.1
correo033,G010,N010,O088,0,0.6
correo035,G010,N020,O084,1,2.6
correo035,G010,N020,O085,0.8,0.8
correo035,G010,N020,O086,2.6,3.3
correo035,G010,N020,O087,1.9,2.4
correo035,G010,N020,O088,0.4,3.5
correo036,G010,N009,O084,0.1,0.1
correo036,G010,N009,O085,0.9,2.1
correo036,G010,N009,O086,0.1,2
correo036,G010,N009,O087,0.6,1
correo036,G010,N009,O088,0.6,3.1
correo037,G010,N010,O084,0,0.1
correo037,G010,N010,O085,2.9,2.9
correo037,G010,N010,O086,0.1,0.2
correo037,G010,N010,O087,0.3,0.5
correo037,G010,N010,O088,0.8,3.3
correo041,G010,N020,O084,2.1,3
correo041,G010,N020,O085,0.2,0.2
correo041,G010,N020,O086,0.1,2.8
correo041,G010,N020,O087,2.1,2.2
correo041,G010,N020,O088,0.3,1.4
correo042,G010,N009,O084,0.8,1
correo042,G010,N009,O085,0.3,0.4
correo042,G010,N009,O086,0.3,1.2
correo042,G010,N009,O087,0.5,2.8
correo042,G010,N009,O088,0.3,0.7
correo045,G010,N010,O084,0,2.7
correo045,G010,N010,O085,1.6,2.2
correo045,G010,N010,O086,1.3,2.1
correo045,G010,N010,O087,1.2,2.4
correo045,G010,N010,O088,1.4,2.5
correo046,G010,N020,O084,0.4,0.5
correo046,G010,N020,O085,2.4,3.5
correo046,G010,N020,O086,0.2,1.3
correo046,G010,N020,O087,1.6,3.6
correo046,G010,N020,O088,1.3,2.3
correo047,G010,N009,O084,1.3,1.7
correo047,G010,N009,O085,0.9,2.5
correo047,G010,N009,O086,2.1,2.1
correo047,G010,N009,O087,2.1,3.9
correo047,G010,N009,O088,2.1,3.5
correo048,G010,N010,O084,1.9,2.1
correo048,G010,N010,O085,3,3.3
correo048,G010,N010,O086,1.8,3.4
correo048,G010,N010,O087,2.1,3.3
correo048,G010,N010,O088,0.6,0.8
correo049,G010,N020,O084,0.2,3.3
correo049,G010,N020,O085,0.7,2.3
correo049,G010,N020,O086,0.6,1.4
correo049,G010,N020,O087,1,1.7
correo049,G010,N020,O088,2.2,3.1
correo050,G010,N009,O084,1.8,1.8
correo050,G010,N009,O085,0.4,0.7
correo050,G010,N009,O086,0.5,0.7
correo050,G010,N009,O087,0,1.7
correo050,G010,N009,O088,0.3,1.2
correo053,G010,N010,O084,0.3,0.7
correo053,G010,N010,O085,1.4,3.5
correo053,G010,N010,O086,2.8,3.7
correo053,G010,N010,O087,1.7,3.6
correo053,G010,N010,O088,0.6,1.3
correo054,G010,N020,O084,2.3,3.4
correo054,G010,N020,O085,0.1,0.2
correo054,G010,N020,O086,0.1,1.5
correo054,G010,N020,O087,0.7,1.1
correo054,G010,N020,O088,1.4,3.1
correo058,G010,N009,O084,0,0.2
correo058,G010,N009,O085,1.3,1.4
correo058,G010,N009,O086,0.4,0.7
correo058,G010,N009,O087,2.8,2.8
correo058,G010,N009,O088,0.6,1.8
correo059,G010,N010,O084,1.7,3.7
correo059,G010,N010,O085,1,2.9
correo059,G010,N010,O086,3.1,3.4
correo059,G010,N010,O087,0.5,1.8
correo059,G010,N010,O088,0.7,1
correo061,G010,N020,O084,0.1,1.7
correo061,G010,N020,O085,1.2,2.6
correo061,G010,N020,O086,0.5,1
correo061,G010,N020,O087,0,1
correo061,G010,N020,O088,0.5,0.8
correo062,G010,N009,O084,0,0.2
correo062,G010,N009,O085,1.1,2.5
correo062,G010,N009,O086,1.1,1.1
correo062,G010,N009,O087,0.1,0.6
correo062,G010,N009,O088,0.7,3.6
correo063,G010,N010,O084,0.3,0.7
correo063,G010,N010,O085,1,1.2
correo063,G010,N010,O086,0.5,1.2
correo063,G010,N010,O087,0.7,0.7
correo063,G010,N010,O088,0.9,1.4
correo065,G020,N009,O089,0.5,3.5
correo065,G020,N009,O090,1,2.3
correo065,G020,N009,O091,1.6,1.9
correo065,G020,N009,O092,0.2,3.4
correo065,G020,N009,O093,1.7,3.2
correo066,G020,N010,O089,2.6,3.7
correo066,G020,N010,O090,0.4,1.9
correo066,G020,N010,O091,2.1,2.4
correo066,G020,N010,O092,0,1.4
correo066,G020,N010,O093,0.1,0.1
correo068,G020,N020,O089,1.2,1.2
correo068,G020,N020,O090,0.1,1.2
correo068,G020,N020,O091,0.8,0.9
correo068,G020,N020,O092,0.6,3.9
correo068,G020,N020,O093,2.3,3.7
correo070,G020,N009,O089,2.1,3.2
correo070,G020,N009,O090,1.3,1.3
correo070,G020,N009,O091,0.1,0.7
correo070,G020,N009,O092,0.5,3
correo070,G020,N009,O093,0.5,2.8
correo071,G020,N010,O089,1.2,2.7
correo071,G020,N010,O090,0.1,0.1
correo071,G020,N010,O091,0,0.1
correo071,G020,N010,O092,1.9,2
correo071,G020,N010,O093,2.1,3.8
correo072,G020,N020,O089,2.9,3.8
correo072,G020,N020,O090,3.3,3.4
correo072,G020,N020,O091,2.3,2.7
correo072,G020,N020,O092,0.8,1.8
correo072,G020,N020,O093,2.1,2.9
correo073,G020,N009,O089,1.3,1.3
correo073,G020,N009,O090,1.2,2.4
correo073,G020,N009,O091,0,1.1
correo073,G020,N009,O092,1.3,1.7
correo073,G020,N009,O093,1.5,2.1
correo074,G020,N010,O089,2.3,2.5
correo074,G020,N010,O090,0.2,1.1
correo074,G020,N010,O091,0,0.3
correo074,G020,N010,O092,0.4,0.5
correo074,G020,N010,O093,2.2,2.6
correo075,G020,N020,O089,0.4,1
correo075,G020,N020,O090,0.6,2
correo075,G020,N020,O091,2.7,3.9
correo075,G020,N020,O092,0,1.5
correo075,G020,N020,O093,2.6,2.9
correo080,G020,N009,O089,1,1.5
correo080,G020,N009,O090,1.9,3.5
correo080,G020,N009,O091,0.3,1.1
correo080,G020,N009,O092,0.2,0.2
correo080,G020,N009,O093,0,0
correo082,G020,N010,O089,2,3
correo082,G020,N010,O090,0,1.9
correo082,G020,N010,O091,1.9,3.1
correo082,G020,N010,O092,1.4,2.7
correo082,G020,N010,O093,0.2,1.5
correo083,G020,N020,O089,1.8,2.3
correo083,G020,N020,O090,0,1.2
correo083,G020,N020,O091,0.4,1.7
correo083,G020,N020,O092,0.3,0.3
correo083,G020,N020,O093,2.6,2.9
correo086,G020,N009,O089,0,1.4
correo086,G020,N009,O090,1.5,1.8
correo086,G020,N009,O091,0.6,0.8
correo086,G020,N009,O092,0.9,1.9
correo086,G020,N009,O093,1,2.5
correo087,G020,N010,O089,1.2,3
correo087,G020,N010,O090,0,0.5
correo087,G020,N010,O091,2.4,2.7
correo087,G020,N010,O092,0.6,2.9
correo087,G020,N010,O093,1.7,1.7
correo091,G020,N020,O089,0.2,0.7
correo091,G020,N020,O090,0.1,1.2
correo091,G020,N020,O091,0.7,3.7
correo091,G020,N020,O092,3.1,3.9
correo091,G020,N020,O093,0.3,3.6
correo092,G020,N009,O089,0.6,0.9
correo092,G020,N009,O090,1.2,3.7
correo092,G020,N009,O091,0.4,0.5
correo092,G020,N009,O092,0.4,2.4
correo092,G020,N009,O093,0.1,2.7
correo093,G020,N010,O089,1.2,1.9
correo093,G020,N010,O090,0.8,1.1
correo093,G020,N010,O091,0.3,1.8
correo093,G020,N010,O092,0.3,1.8
correo093,G020,N010,O093,1.4,1.5
correo095,G020,N020,O089,1.1,2.2
correo095,G020,N020,O090,0.3,3.1
correo095,G020,N020,O091,0.8,2.6
correo095,G020,N020,O092,0.8,3.3
correo095,G020,N020,O093,0.7,0.7
correo097,G020,N009,O089,2.6,3.8
correo097,G020,N009,O090,2,3.2
correo097,G020,N009,O091,0.7,3
correo097,G020,N009,O092,0,0
correo097,G020,N009,O093,1.7,3.8
correo014,G013,N013,O094,1.5,3
correo014,G013,N013,O095,2.7,3
correo014,G013,N013,O096,0,1.1
correo014,G013,N013,O097,0.9,1.1
correo014,G013,N013,O098,0.4,0.9
correo015,G013,N023,O094,1.4,1.4
correo015,G013,N023,O095,0,3.2
correo015,G013,N023,O096,0.2,0.6
correo015,G013,N023,O097,1.6,1.9
correo015,G013,N023,O098,1.5,2.4
correo018,G013,N013,O094,0.5,2.4
correo018,G013,N013,O095,0.1,0.1
correo018,G013,N013,O096,1,1.3
correo018,G013,N013,O097,0.4,0.5
correo018,G013,N013,O098,0,0
correo017,G013,N023,O094,0.5,3.9
correo017,G013,N023,O095,0.7,1.3
correo017,G013,N023,O096,0.8,1.7
correo017,G013,N023,O097,0.2,1.1
correo017,G013,N023,O098,0,0
correo024,G013,N013,O094,0.3,0.5
correo024,G013,N013,O095,0.1,0.1
correo024,G013,N013,O096,0,1
correo024,G013,N013,O097,1.9,3.2
correo024,G013,N013,O098,0.5,2.5
correo031,G013,N023,O094,1.6,1.6
correo031,G013,N023,O095,0.1,0.9
correo031,G013,N023,O096,1.2,2.7
correo031,G013,N023,O097,1.7,3.9
correo031,G013,N023,O098,0.9,1
correo036,G013,N013,O094,1.7,3.2
correo036,G013,N013,O095,0.3,0.6
correo036,G013,N013,O096,0.1,0.3
correo036,G013,N013,O097,0.8,3.1
correo036,G013,N013,O098,0.9,3.3
correo039,G013,N023,O094,0.2,0.2
correo039,G013,N023,O095,0.4,0.4
correo039,G013,N023,O096,1.4,2.4
correo039,G013,N023,O097,3.1,3.8
correo039,G013,N023,O098,1.4,1.4
correo080,G013,N013,O094,1.3,1.9
correo080,G013,N013,O095,1.5,2.9
correo080,G013,N013,O096,0.3,2.5
correo080,G013,N013,O097,1.9,2.5
correo080,G013,N013,O098,1.8,3
correo045,G013,N023,O094,3.4,3.6
correo045,G013,N023,O095,1.7,2.4
correo045,G013,N023,O096,1.4,2.3
correo045,G013,N023,O097,1.4,3.7
correo045,G013,N023,O098,1.5,2.5
correo046,G013,N013,O094,1.7,2.2
correo046,G013,N013,O095,1.2,1.3
correo046,G013,N013,O096,0,0.1
correo046,G013,N013,O097,0.2,0.3
correo046,G013,N013,O098,0,0
correo050,G013,N023,O094,0.4,1.4
correo050,G013,N023,O095,0.5,0.9
correo050,G013,N023,O096,0.1,1.4
correo050,G013,N023,O097,1.5,2.9
correo050,G013,N023,O098,0.2,3
correo054,G013,N013,O094,0.5,1.2
correo054,G013,N013,O095,0.3,3.4
correo054,G013,N013,O096,0.3,3.9
correo054,G013,N013,O097,0.2,0.3
correo054,G013,N013,O098,0.2,0.6
correo061,G013,N023,O094,2.2,2.9
correo061,G013,N023,O095,0.6,1
correo061,G013,N023,O096,0.1,1.3
correo061,G013,N023,O097,0.2,0.8
correo061,G013,N023,O098,3.2,3.7
correo071,G013,N013,O094,0.4,0.4
correo071,G013,N013,O095,0,2.6
correo071,G013,N013,O096,2.1,2.3
correo071,G013,N013,O097,2.9,3.2
correo071,G013,N013,O098,3.1,3.9
correo072,G013,N023,O094,2.6,3.6
correo072,G013,N023,O095,3.3,3.9
correo072,G013,N023,O096,0.1,3.6
correo072,G013,N023,O097,0,0.3
correo072,G013,N023,O098,1.2,1.9
correo074,G013,N013,O094,2.5,3
correo074,G013,N013,O095,2.2,2.2
correo074,G013,N013,O096,1.3,1.4
correo074,G013,N013,O097,1.2,2.1
correo074,G013,N013,O098,2.6,2.6
correo082,G013,N023,O094,0.1,0.2
correo082,G013,N023,O095,1.6,3.6
correo082,G013,N023,O096,0.2,1.4
correo082,G013,N023,O097,2.4,3.2
correo082,G013,N023,O098,0.8,0.9
correo001,G011,N011,O099,0.3,0.9
correo001,G011,N011,O0100,0.1,0.1
correo001,G011,N011,O101,3.2,3.9
correo001,G011,N011,O102,1.6,4.7
correo001,G011,N011,O103,0.4,0.4
correo006,G011,N012,O099,2,2.1
correo006,G011,N012,O0100,0,3.1
correo006,G011,N012,O101,0.8,4.3
correo006,G011,N012,O102,0,1.5
correo006,G011,N012,O103,0.5,1.8
correo007,G011,N021,O099,3.8,4.1
correo007,G011,N021,O0100,1.9,3.3
correo007,G011,N021,O101,1.3,2
correo007,G011,N021,O102,0.4,1.7
correo007,G011,N021,O103,1.4,2.5
correo008,G011,N022,O099,0,0
correo008,G011,N022,O0100,1.9,3.2
correo008,G011,N022,O101,2.4,3.2
correo008,G011,N022,O102,3.4,4.4
correo008,G011,N022,O103,1.6,3
correo010,G011,N011,O099,1.4,3.1
correo010,G011,N011,O0100,0.6,0.7
correo010,G011,N011,O101,2,2.5
correo010,G011,N011,O102,0.9,1.1
correo010,G011,N011,O103,0.9,1.3
correo011,G011,N012,O099,1,2
correo011,G011,N012,O0100,0.6,1.2
correo011,G011,N012,O101,1.1,2.3
correo011,G011,N012,O102,0.2,0.4
correo011,G011,N012,O103,1.6,3.9
correo014,G011,N021,O099,0.3,0.4
correo014,G011,N021,O0100,0.7,1.5
correo014,G011,N021,O101,0.7,3.8
correo014,G011,N021,O102,0.1,0.3
correo014,G011,N021,O103,1,1.1
correo015,G011,N022,O099,1.5,4.2
correo015,G011,N022,O0100,0.1,1.9
correo015,G011,N022,O101,1.4,2.7
correo015,G011,N022,O102,3.7,4.5
correo015,G011,N022,O103,0.9,3.7
correo020,G011,N011,O099,1.7,4.5
correo020,G011,N011,O0100,1,3.5
correo020,G011,N011,O101,3.8,4.7
correo020,G011,N011,O102,1.1,1.3
correo020,G011,N011,O103,1.3,4.1
correo023,G011,N012,O099,3.6,4.2
correo023,G011,N012,O0100,0,0.9
correo023,G011,N012,O101,0,0
correo023,G011,N012,O102,2.7,4.9
correo023,G011,N012,O103,1.3,2.2
correo027,G011,N021,O099,2.5,3.5
correo027,G011,N021,O0100,0.3,2.6
correo027,G011,N021,O101,0.3,2.7
correo027,G011,N021,O102,1.2,1.5
correo027,G011,N021,O103,1.3,3.8
correo028,G011,N022,O099,0,0.1
correo028,G011,N022,O0100,0.8,1.2
correo028,G011,N022,O101,0.9,1.4
correo028,G011,N022,O102,2.5,2.7
correo028,G011,N022,O103,0.3,1.8
correo029,G011,N011,O099,0.6,4.1
correo029,G011,N011,O0100,0.3,0.7
correo029,G011,N011,O101,0.7,1.3
correo029,G011,N011,O102,0.7,1.1
correo029,G011,N011,O103,0,0.1
correo033,G011,N012,O099,0.1,0.4
correo033,G011,N012,O0100,0.5,1.3
correo033,G011,N012,O101,0.4,4
correo033,G011,N012,O102,0.5,3
correo033,G011,N012,O103,1.4,1.4
correo041,G011,N021,O099,1.2,1.8
correo041,G011,N021,O0100,0.5,0.9
correo041,G011,N021,O101,0.9,3
correo041,G011,N021,O102,1.7,3
correo041,G011,N021,O103,1.3,3.5
correo045,G011,N022,O099,0.3,3.6
correo045,G011,N022,O0100,1,1.1
correo045,G011,N022,O101,0.4,0.8
correo045,G011,N022,O102,0,0
correo045,G011,N022,O103,0.1,0.8
correo047,G011,N011,O099,2.6,3
correo047,G011,N011,O0100,0.9,2
correo047,G011,N011,O101,3.6,4.9
correo047,G011,N011,O102,0,0.2
correo047,G011,N011,O103,0,0
correo048,G011,N012,O099,1.7,1.9
correo048,G011,N012,O0100,3.7,4
correo048,G011,N012,O101,2.2,3.8
correo048,G011,N012,O102,2.2,3.2
correo048,G011,N012,O103,0,3.2
correo051,G011,N021,O099,1,1
correo051,G011,N021,O0100,1.2,2.3
correo051,G011,N021,O101,1.9,3.4
correo051,G011,N021,O102,1.3,1.7
correo051,G011,N021,O103,1,2.2
correo053,G012,N011,O104,0.6,0.8
correo053,G012,N011,O105,0.6,3
correo053,G012,N011,O106,1.2,2.5
correo053,G012,N011,O107,2.9,3
correo053,G012,N011,O108,0.6,2.9
correo059,G012,N012,O104,0.2,3.3
correo059,G012,N012,O105,0,0
correo059,G012,N012,O106,0.8,3.2
correo059,G012,N012,O107,0.9,1.2
correo059,G012,N012,O108,0,0.9
correo062,G012,N021,O104,0.2,2.9
correo062,G012,N021,O105,2.3,3.4
correo062,G012,N021,O106,0.6,1.5
correo062,G012,N021,O107,0,1.8
correo062,G012,N021,O108,0,0
correo063,G012,N022,O104,0.5,3.3
correo063,G012,N022,O105,0.3,0.3
correo063,G012,N022,O106,1,3.9
correo063,G012,N022,O107,0.6,1.5
correo063,G012,N022,O108,0.3,1.1
correo065,G012,N011,O104,0.1,0.5
correo065,G012,N011,O105,0.3,0.3
correo065,G012,N011,O106,0.9,2.1
correo065,G012,N011,O107,0,0
correo065,G012,N011,O108,1.3,2.9
correo066,G012,N012,O104,0.4,3.5
correo066,G012,N012,O105,0.6,2.5
correo066,G012,N012,O106,0,0
correo066,G012,N012,O107,0.1,1.5
correo066,G012,N012,O108,1.7,1.7
correo068,G012,N021,O104,2.8,3.8
correo068,G012,N021,O105,0.3,0.8
correo068,G012,N021,O106,1.4,1.9
correo068,G012,N021,O107,1.2,2.7
correo068,G012,N021,O108,1.8,3.8
correo070,G012,N022,O104,0,2.9
correo070,G012,N022,O105,0.9,3.2
correo070,G012,N022,O106,0.1,1.2
correo070,G012,N022,O107,1.6,1.6
correo070,G012,N022,O108,0.5,3.6
correo073,G012,N011,O104,0.1,3.4
correo073,G012,N011,O105,0,1.5
correo073,G012,N011,O106,1.2,1.6
correo073,G012,N011,O107,0,1.3
correo073,G012,N011,O108,1.8,2.8
correo074,G012,N012,O104,0.6,0.9
correo074,G012,N012,O105,3.4,3.5
correo074,G012,N012,O106,0.5,0.9
correo074,G012,N012,O107,0.6,1.7
correo074,G012,N012,O108,1.3,1.8
correo075,G012,N021,O104,0.1,3.8
correo075,G012,N021,O105,0.1,0.7
correo075,G012,N021,O106,1.5,3.7
correo075,G012,N021,O107,0.2,0.8
correo075,G012,N021,O108,0,0.4
correo080,G012,N022,O104,1.1,2
correo080,G012,N022,O105,2.4,3.1
correo080,G012,N022,O106,0.3,1.6
correo080,G012,N022,O107,0.7,3.5
correo080,G012,N022,O108,1,3.8
correo081,G012,N011,O104,1.2,3.9
correo081,G012,N011,O105,2,2.4
correo081,G012,N011,O106,0.2,0.5
correo081,G012,N011,O107,0,0.6
correo081,G012,N011,O108,1,2.2
correo087,G012,N012,O104,1.1,3.7
correo087,G012,N012,O105,1.8,3
correo087,G012,N012,O106,0.9,1.5
correo087,G012,N012,O107,3.9,3.9
correo087,G012,N012,O108,1.8,3.5
correo091,G012,N021,O104,0.2,0.2
correo091,G012,N021,O105,1,3
correo091,G012,N021,O106,1.1,2.1
correo091,G012,N021,O107,0.2,0.5
correo091,G012,N021,O108,0.4,0.6
correo093,G012,N022,O104,0.7,1.3
correo093,G012,N022,O105,0.2,0.2
correo093,G012,N022,O106,1.3,2.3
correo093,G012,N022,O107,1.6,1.7
correo093,G012,N022,O108,0.9,2.3
correo095,G012,N011,O104,2,2.9
correo095,G012,N011,O105,0.7,2.2
correo095,G012,N011,O106,0.6,0.8
correo095,G012,N011,O107,0.7,1.6
correo095,G012,N011,O108,1.6,2.4
